t0,symbol,label,asia_range,atr14,asia_range_atr,eqh_touch_count,eql_touch_count,sweep_dir,sweep_depth_atr,minutes_from_london_open,bars_from_sweep_to_mss,bars_from_sweep_to_mss_norm,confirm_range_atr,entry_dist_atr,rr,side,entry,stop,tp,sweep_time,fill_time
2025-11-18 08:45:00+00:00,GBPJPY,0,0.38999999999998636,0.12478571428571529,3.1253577561532713,1,1,-1,0.33657698912422296,0.125,8.0,0.6666666666666666,1.0738408700628452,0.21524899828276245,3.8560016817327605,Short,204.14186,204.237,203.775,2025-11-18T08:05:00+00:00,2025-11-18T08:55:00+00:00
2025-11-19 08:45:00+00:00,USDJPY,0,0.3689999999999998,0.05242857142857206,7.038147138964488,1,1,-1,0.5722070844686796,0.125,5.0,0.4166666666666667,1.3923705722066688,0.09861035422329033,7.122708855875551,Short,155.58317,155.635,155.214,2025-11-19T08:20:00+00:00,2025-11-19T08:50:00+00:00
2025-11-19 09:05:00+00:00,EURUSD,0,0.0024699999999999722,0.000424999999999977,5.811764705882602,1,1,1,0.1411764705881229,0.18055555555555555,5.0,0.4166666666666667,1.0352941176471053,0.27670588235255367,6.234314980791276,Long,1.1577824,1.15747,1.15973,2025-11-19T08:40:00+00:00,2025-11-19T09:10:00+00:00
2025-11-19 09:05:00+00:00,GBPUSD,0,0.0025999999999999357,0.0005442857142857115,4.7769028871390145,2,3,1,0.20209973753290958,0.18055555555555555,5.0,0.4166666666666667,1.947506561679912,0.4545406824149205,2.8798830720170927,Long,1.3133526,1.3126,1.31552,2025-11-19T08:40:00+00:00,2025-11-19T09:10:00+00:00
2025-11-19 10:05:00+00:00,GBPJPY,0,0.5229999999999961,0.11471428571428532,4.559153175591513,1,1,-1,0.4184308841843261,0.3472222222222222,6.0,0.5,1.05479452054803,0.1925653798255804,6.461296705853768,Short,204.54609,204.632,203.991,2025-11-19T09:35:00+00:00,2025-11-19T10:10:00+00:00
2025-11-20 08:05:00+00:00,GBPUSD,0,0.0032999999999998586,0.0005457142857142763,6.047120418848013,1,1,-1,1.0261780104714344,0.013888888888888888,1.0,0.08333333333333333,3.170157068062899,0.08850785340314493,2.1832614182202925,Short,1.3064517,1.30768,1.30377,2025-11-20T08:00:00+00:00,2025-11-20T08:10:00+00:00
2025-11-20 13:00:00+00:00,EURUSD,0,0.002930000000000099,0.000322142857142874,9.095343680709366,1,1,1,0.713968957871212,0.8333333333333334,2.0,0.16666666666666666,1.427937915742424,0.19680709534347088,7.726270667484429,Long,1.1514266,1.1511,1.15395,2025-11-20T12:50:00+00:00,2025-11-20T13:05:00+00:00
2025-11-20 13:30:00+00:00,USDJPY,0,0.9019999999999868,0.10007142857142728,9.013561741613117,1,1,-1,1.0292648108494928,0.9166666666666666,0.0,0.0,6.605281941470477,0.7825410421129474,1.1414416909931175,Short,157.41669,157.886,156.881,2025-11-20T13:30:00+00:00,2025-11-20T13:35:00+00:00
2025-11-21 08:05:00+00:00,GBPJPY,0,1.1779999999999973,0.17528571428571485,6.7204563977179745,1,1,1,0.3080684596577124,0.013888888888888888,1.0,0.08333333333333333,1.3520782396087678,0.39210268948648264,5.572769953051345,Long,205.11427,204.946,206.052,2025-11-21T08:00:00+00:00,2025-11-21T08:10:00+00:00
2025-11-21 08:35:00+00:00,USDJPY,0,0.9350000000000023,0.1279999999999981,7.304687500000127,1,1,1,0.16406249999989764,0.09722222222222222,4.0,0.3333333333333333,0.9453124999998649,0.2663281249999412,9.208357583519296,Long,156.75491,156.669,157.546,2025-11-21T08:15:00+00:00,2025-11-21T08:40:00+00:00
2025-11-21 09:05:00+00:00,GBPUSD,1,0.003149999999999986,0.0008414285714285168,3.7436332767404643,1,1,-1,0.03565365025464093,0.18055555555555555,8.0,0.6666666666666666,1.0814940577249879,0.31363327674023855,3.6896765206626974,Short,1.3089839,1.30963,1.3066,2025-11-21T08:25:00+00:00,2025-11-21T09:15:00+00:00
2025-11-21 09:05:00+00:00,EURUSD,1,0.0019299999999999873,0.0006192857142857429,3.1164936562858796,1,2,-1,0.6620530565167284,0.18055555555555555,10.0,0.8333333333333334,1.2756632064587472,0.33764705882345264,1.4068461401319696,Short,1.1536391,1.1542,1.15285,2025-11-21T08:15:00+00:00,2025-11-21T09:10:00+00:00
2025-11-24 08:55:00+00:00,EURUSD,0,0.0026200000000000667,0.00047071428571429256,5.5660091047041576,1,2,-1,0.29742033383920746,0.1527777777777778,9.0,0.75,0.7647951441580969,0.07562974203319901,9.993740219092153,Short,1.1527544,1.15301,1.1502,2025-11-24T08:10:00+00:00,2025-11-24T09:00:00+00:00
2025-11-24 09:05:00+00:00,GBPJPY,0,0.35499999999998977,0.10164285714286743,3.492621222768344,1,1,-1,0.10822206605785091,0.18055555555555555,11.0,0.9166666666666666,0.7870695713282233,0.16921995783556662,6.552816901407192,Short,205.4192,205.476,205.047,2025-11-24T08:10:00+00:00,2025-11-24T09:10:00+00:00
2025-11-24 09:05:00+00:00,USDJPY,0,0.38999999999998636,0.07171428571428708,5.438247011951898,1,1,-1,0.26494023904389574,0.18055555555555555,3.0,0.25,0.906374501991983,0.17918326693207284,7.884073672803788,Short,156.86384999999999,156.91,156.5,2025-11-24T08:50:00+00:00,2025-11-24T09:10:00+00:00
2025-11-24 13:40:00+00:00,GBPUSD,0,0.0026200000000000667,0.0004971428571428627,5.270114942528811,1,1,-1,0.08045977011457546,0.9444444444444444,12.0,1.0,1.5086206896547663,0.27658045977036055,4.44600938967297,Short,1.3109375,1.31147,1.30857,2025-11-24T12:40:00+00:00,2025-11-24T13:45:00+00:00
2025-11-25 08:50:00+00:00,GBPUSD,0,0.0033199999999999896,0.0006335714285714238,5.240135287485931,1,1,-1,0.03156708004495241,0.1388888888888889,4.0,0.3333333333333333,1.294250281848656,0.18593010146553018,2.761593953967709,Short,1.3111578,1.31174,1.30955,2025-11-25T08:30:00+00:00,2025-11-25T08:55:00+00:00
2025-11-26 08:35:00+00:00,GBPJPY,0,0.7860000000000014,0.10735714285714185,7.321357285429223,1,1,-1,0.23286759813711436,0.09722222222222222,7.0,0.5833333333333334,1.117764471057937,0.06333998669326546,8.683098591547838,Short,206.0828,206.168,205.343,2025-11-26T08:00:00+00:00,2025-11-26T08:40:00+00:00
2025-11-26 09:05:00+00:00,USDJPY,0,0.8100000000000023,0.0703571428571418,11.512690355330154,1,1,-1,0.4406091370559282,0.18055555555555555,2.0,0.16666666666666666,0.9380710659898973,0.09750253807091092,15.474605206996673,Short,156.37814,156.425,155.653,2025-11-26T08:55:00+00:00,2025-11-26T09:10:00+00:00
2025-11-26 12:00:00+00:00,GBPUSD,1,0.0040000000000000036,0.0012242857142857094,3.267211201866994,1,1,-1,0.31038506417740247,0.6666666666666666,4.0,0.3333333333333333,1.5519253208866497,0.2033838973161742,0.1193476649370637,Short,1.315981,1.31733,1.31582,2025-11-26T11:40:00+00:00,2025-11-26T12:05:00+00:00
2025-11-27 08:30:00+00:00,USDJPY,0,0.5799999999999841,0.060785714285716254,9.541715628671579,1,1,-1,0.04935370152784863,0.08333333333333333,2.0,0.16666666666666666,0.9377203290249158,0.008719153936974677,11.354830738819148,Short,156.18253,156.223,155.723,2025-11-27T08:20:00+00:00,2025-11-27T08:35:00+00:00
2025-11-27 09:35:00+00:00,EURUSD,0,0.0027399999999999647,0.00036714285714286747,7.463035019454947,2,1,1,1.579766536965004,0.2638888888888889,5.0,0.4166666666666667,0.5719844357977677,0.029688715953101893,22.809523809521327,Long,1.1579291,1.15778,1.16133,2025-11-27T09:10:00+00:00,2025-11-27T09:40:00+00:00
2025-11-27 13:55:00+00:00,GBPJPY,0,0.625,0.06628571428571613,9.428879310344566,1,1,-1,0.01508620689662334,0.9861111111111112,5.0,0.4166666666666667,1.3879310344829157,0.27637931034507623,7.69565217391136,Short,206.93668,207.002,206.434,2025-11-27T13:30:00+00:00,2025-11-27T14:00:00+00:00
2025-12-01 08:30:00+00:00,USDJPY,0,0.6859999999999786,0.07414285714285589,9.252408477841872,1,1,1,0.013487475915286208,0.08333333333333333,5.0,0.4166666666666667,1.5375722543353445,0.44589595375731506,7.376575240919348,Long,155.39494,155.314,155.992,2025-12-01T08:05:00+00:00,2025-12-01T09:25:00+00:00
2025-12-01 08:35:00+00:00,EURUSD,0,0.002610000000000001,0.00045642857142856396,5.718309859155026,1,1,-1,0.08763693270744433,0.09722222222222222,5.0,0.4166666666666667,1.0954616588418378,0.29577464788732055,6.323943661974059,Short,1.161205,1.16156,1.15896,2025-12-01T08:10:00+00:00,2025-12-01T08:40:00+00:00
2025-12-01 08:40:00+00:00,GBPJPY,0,1.086999999999989,0.11364285714286179,9.565053425518055,1,1,1,0.41357636706469625,0.1111111111111111,8.0,0.6666666666666666,1.3111250785668933,0.1037460716529618,8.963134511767379,Long,205.48379,205.378,206.432,2025-12-01T08:00:00+00:00,2025-12-01T08:45:00+00:00
2025-12-01 09:05:00+00:00,GBPUSD,1,0.003649999999999931,0.0007721428571428879,4.727104532839686,1,1,1,0.06475485661409257,0.18055555555555555,7.0,0.5833333333333334,0.9324699352448885,0.14090656799261972,4.90766823161355,Long,1.3222112,1.3217,1.32472,2025-12-01T08:30:00+00:00,2025-12-01T09:10:00+00:00
2025-12-02 09:50:00+00:00,EURUSD,0,0.0012499999999999734,0.0003521428571428802,3.549695740364803,1,1,1,0.4543610547665283,0.3055555555555556,1.0,0.08333333333333333,2.186612576064588,0.15135902636925463,0.9754892994332675,Long,1.1611067,1.16056,1.16164,2025-12-02T09:45:00+00:00,2025-12-02T09:55:00+00:00
2025-12-02 09:50:00+00:00,GBPUSD,0,0.0018500000000001293,0.000548571428571422,3.3723958333336093,1,1,1,0.40104166666646535,0.3055555555555556,1.0,0.08333333333333333,2.4609374999999605,0.4220052083328244,0.7631716223263648,Long,1.3214385000000002,1.32048,1.32217,2025-12-02T09:45:00+00:00,2025-12-02T09:55:00+00:00
2025-12-03 08:25:00+00:00,GBPJPY,0,0.42499999999998295,0.07235714285714323,5.873642645606842,1,1,-1,0.1105626850939154,0.06944444444444445,5.0,0.4166666666666667,1.091806515301187,0.15326752221119522,5.881797111783114,Short,206.11791,206.174,205.788,2025-12-03T08:00:00+00:00,2025-12-03T08:30:00+00:00
2025-12-03 11:00:00+00:00,EURUSD,0,0.0025000000000001688,0.00035000000000000905,7.14285714285744,2,1,-1,0.6285714285710893,0.5,10.0,0.8333333333333334,1.0857142857143918,0.3148571428569896,11.268346923643243,Short,1.1658202,1.16609,1.16278,2025-12-03T10:10:00+00:00,2025-12-03T11:10:00+00:00
2025-12-04 08:40:00+00:00,USDJPY,0,0.5190000000000055,0.0911428571428518,5.694357366771554,1,1,1,0.6583072100314116,0.1111111111111111,7.0,0.5833333333333334,1.261755485893279,0.15744514106592128,7.7446417636256175,Long,154.91065,154.829,155.543,2025-12-04T08:05:00+00:00,2025-12-04T08:45:00+00:00
2025-12-04 08:40:00+00:00,GBPJPY,0,0.47100000000000364,0.11471428571428735,4.105853051058504,1,1,1,0.7322540473225577,0.1111111111111111,8.0,0.6666666666666666,0.9763387297635755,0.03940224159389286,6.168008048289806,Long,206.86852,206.789,207.359,2025-12-04T08:00:00+00:00,2025-12-04T08:45:00+00:00
2025-12-04 08:55:00+00:00,GBPUSD,0,0.0019700000000000273,0.0006392857142856677,3.0815642458103234,1,2,-1,0.3284916201118238,0.1527777777777778,8.0,0.6666666666666666,1.3296089385476102,0.38558659217885904,2.9436619718312036,Short,1.3345465,1.33515,1.33277,2025-12-04T08:15:00+00:00,2025-12-04T09:25:00+00:00
2025-12-05 09:40:00+00:00,GBPJPY,0,0.6159999999999854,0.07507142857142769,8.205518553758228,1,1,-1,0.23977164605139153,0.2777777777777778,6.0,0.5,1.1988582302569577,0.1745004757378875,8.968701095463283,Short,206.76610000000002,206.83,206.193,2025-12-05T09:10:00+00:00,2025-12-05T09:45:00+00:00
2025-12-05 12:00:00+00:00,EURUSD,0,0.00283000000000011,0.00030785714285709787,9.192575406034184,1,1,1,0.6171693735496898,0.6666666666666666,6.0,0.5,1.4292343387472954,0.4144779582363767,7.29065300896047,Long,1.1649024000000001,1.16459,1.16718,2025-12-05T11:30:00+00:00,2025-12-05T12:15:00+00:00
2025-12-05 12:35:00+00:00,USDJPY,0,0.88900000000001,0.05028571428571687,17.678977272726563,1,1,-1,0.6761363636361661,0.7638888888888888,3.0,0.25,1.113636363636537,0.32295454545473706,20.73038229376207,Short,155.16824,155.208,154.344,2025-12-05T12:20:00+00:00,2025-12-05T12:40:00+00:00
2025-12-08 08:45:00+00:00,USDJPY,0,0.45400000000000773,0.05478571428571399,8.286831812255727,1,1,-1,0.638852672750919,0.125,9.0,0.75,0.9308996088660102,0.26996088657114814,14.051090858874556,Short,155.41079,155.447,154.902,2025-12-08T08:00:00+00:00,2025-12-08T08:50:00+00:00
2025-12-08 08:55:00+00:00,GBPUSD,0,0.0024800000000000377,0.0004550000000000308,5.450549450549165,1,1,1,0.2857142857141861,0.1527777777777778,6.0,0.5,1.0109890109892217,0.20527472527451407,6.103490508263454,Long,1.3326766,1.33235,1.33467,2025-12-08T08:25:00+00:00,2025-12-08T09:00:00+00:00
2025-12-08 09:25:00+00:00,GBPJPY,0,0.5039999999999907,0.06842857142856726,7.365344467641231,1,1,-1,0.3799582463467313,0.2361111111111111,10.0,0.8333333333333334,1.27139874739073,0.14949895615836092,7.224056985588663,Short,207.04223,207.104,206.596,2025-12-08T08:35:00+00:00,2025-12-08T09:30:00+00:00
2025-12-09 08:20:00+00:00,EURUSD,0,0.0014099999999999113,0.00029642857142861016,4.756626506023176,1,2,1,0.8771084337353278,0.05555555555555555,3.0,0.25,0.8771084337345787,0.2543614457832975,5.0671722643597485,Long,1.1640945999999999,1.16391,1.16503,2025-12-09T08:05:00+00:00,2025-12-09T10:40:00+00:00
2025-12-09 08:50:00+00:00,USDJPY,0,0.45699999999999363,0.0551428571428484,8.287564766840577,1,1,-1,1.4326424870469994,0.1388888888888889,10.0,0.8333333333333334,0.8341968911917018,0.22378238341962828,18.35088793631795,Short,156.34234,156.375,155.743,2025-12-09T08:00:00+00:00,2025-12-09T12:55:00+00:00
2025-12-09 09:00:00+00:00,GBPJPY,0,0.6389999999999816,0.1005000000000028,6.35820895522352,1,1,-1,1.3532338308459733,0.16666666666666666,12.0,1.0,1.1442786069652329,0.3547263681592335,11.455603184323857,Short,208.52635,208.608,207.591,2025-12-09T08:00:00+00:00,2025-12-09T09:05:00+00:00
2025-12-09 13:15:00+00:00,GBPUSD,0,0.0018500000000001293,0.0003635714285714155,5.088408644401325,2,1,1,0.6876227897835336,0.875,7.0,0.5833333333333334,1.787819253437676,0.518467583496865,2.7269772481047547,Long,1.3324315,1.33197,1.33369,2025-12-09T12:40:00+00:00,2025-12-09T13:20:00+00:00
2025-12-10 08:10:00+00:00,GBPUSD,0,0.002990000000000048,0.0003985714285714386,7.501792114695273,1,1,-1,0.3261648745518715,0.027777777777777776,1.0,0.08333333333333333,1.8064516129027586,0.028100358422632202,4.457746478874833,Short,1.3318688,1.33238,1.32959,2025-12-10T08:05:00+00:00,2025-12-10T08:15:00+00:00
2025-12-10 08:55:00+00:00,EURUSD,0,0.0027800000000000047,0.0003871428571428716,7.180811808117825,1,1,-1,0.10332103321043158,0.1527777777777778,7.0,0.5833333333333334,0.619926199262016,0.02479704797061829,18.13145539905959,Short,1.1652596,1.16543,1.16217,2025-12-10T08:20:00+00:00,2025-12-10T09:00:00+00:00
2025-12-10 10:00:00+00:00,GBPJPY,0,0.5449999999999875,0.06435714285714157,8.468368479467234,1,1,-1,0.3573806881242534,0.3333333333333333,5.0,0.4166666666666667,0.8546059933408555,0.1546059933407893,13.007682458385483,Short,208.74895,208.788,208.241,2025-12-10T09:35:00+00:00,2025-12-10T10:05:00+00:00
2025-12-11 09:45:00+00:00,GBPUSD,1,0.003249999999999975,0.0005985714285713849,5.429594272076727,1,2,1,0.016706443914191814,0.2916666666666667,8.0,0.6666666666666666,1.0190930787590233,0.22871121718415077,6.758023551143635,Long,1.3362730999999999,1.33584,1.3392,2025-12-11T09:05:00+00:00,2025-12-11T09:50:00+00:00
2025-12-12 09:45:00+00:00,EURUSD,0,0.0014999999999998348,0.00030357142857145066,4.941176470587331,1,2,1,1.0541176470590696,0.2916666666666667,10.0,0.8333333333333334,1.5152941176473669,0.3735529411758478,4.052051439066247,Long,1.1733166000000002,1.17299,1.17464,2025-12-12T08:55:00+00:00,2025-12-12T09:50:00+00:00
2025-12-12 09:50:00+00:00,GBPUSD,0,0.0025200000000000777,0.0004121428571427975,6.114384748701247,1,1,1,0.38821490467928177,0.3055555555555556,4.0,0.3333333333333333,1.2616984402078004,0.0019410745234529783,4.525460455038655,Long,1.3383292,1.33796,1.34,2025-12-12T09:30:00+00:00,2025-12-12T09:55:00+00:00
2025-12-12 13:50:00+00:00,GBPJPY,0,0.49500000000000455,0.06035714285714481,8.201183431952472,1,2,-1,0.31479289940836425,0.9722222222222222,10.0,0.8333333333333334,1.6402366863907771,0.09460355029621717,4.3634940958886,Short,208.53371,208.604,208.227,2025-12-12T13:00:00+00:00,2025-12-12T13:55:00+00:00
2025-12-15 08:15:00+00:00,EURUSD,1,0.0017000000000000348,0.0003149999999999859,5.396825396825749,3,1,1,0.22222222222227817,0.041666666666666664,3.0,0.25,1.4285714285716875,0.3190476190471153,3.8826291079808097,Long,1.1732495,1.17293,1.17449,2025-12-15T08:00:00+00:00,2025-12-15T08:25:00+00:00
2025-12-15 10:10:00+00:00,USDJPY,0,1.039999999999992,0.05864285714285294,17.73447015834462,1,1,1,0.1534713763705393,0.3611111111111111,7.0,0.5833333333333334,1.347137637028243,0.3565651644338965,16.56106257799621,Long,155.05909,155.003,155.988,2025-12-15T09:35:00+00:00,2025-12-15T10:15:00+00:00
2025-12-16 08:35:00+00:00,EURUSD,0,0.0014800000000001479,0.0004314285714284795,3.430463576160014,1,1,-1,0.023178807946661984,0.09722222222222222,7.0,0.5833333333333334,1.900662251655619,0.31940397350966504,0.8035039505325259,Short,1.1749078,1.17549,1.17444,2025-12-16T08:00:00+00:00,2025-12-16T08:40:00+00:00
2025-12-16 10:00:00+00:00,GBPJPY,0,0.6610000000000014,0.09364285714285968,7.058733790999061,1,1,-1,0.2669717772693136,0.3333333333333333,12.0,1.0,0.9183829138063658,0.14886346300523887,13.772355060596947,Short,207.61794,207.679,206.777,2025-12-16T09:00:00+00:00,2025-12-16T10:10:00+00:00
2025-12-16 13:25:00+00:00,USDJPY,0,0.4399999999999977,0.04814285714286574,9.139465875369241,1,1,1,0.7685459940652722,0.9027777777777778,7.0,0.5833333333333334,1.308605341246402,0.3794955489613798,9.90990386764656,Long,154.67973,154.635,155.123,2025-12-16T12:50:00+00:00,2025-12-16T13:30:00+00:00
2025-12-17 08:15:00+00:00,GBPJPY,0,0.9089999999999918,0.12835714285714062,7.081803005008407,1,1,1,0.18697829716194692,0.041666666666666664,3.0,0.25,0.7089593767390856,0.11989983305506635,12.093948305212717,Long,207.21861,207.154,208.0,2025-12-17T08:00:00+00:00,2025-12-17T08:20:00+00:00
2025-12-17 08:20:00+00:00,GBPUSD,0,0.011149999999999993,0.0008492857142856794,13.128679562658228,1,1,1,0.34146341463404434,0.05555555555555555,4.0,0.3333333333333333,0.6476030277542401,0.09478553406215612,26.14468629961849,Long,1.3324905,1.3321,1.3427,2025-12-17T08:00:00+00:00,2025-12-17T08:25:00+00:00
2025-12-17 08:20:00+00:00,USDJPY,0,1.056999999999988,0.06821428571428864,15.495287958114341,1,1,-1,0.38115183246087,0.05555555555555555,3.0,0.25,0.9382198952878146,0.1108272251310645,22.305457746486486,Short,155.52556,155.571,154.512,2025-12-17T08:05:00+00:00,2025-12-17T08:25:00+00:00
2025-12-18 10:40:00+00:00,USDJPY,1,0.52800000000002,0.029142857142854188,18.11764705882605,1,2,-1,0.20588235294120516,0.4444444444444444,6.0,0.5,1.4754901960778242,0.01612745098063659,15.737635113019682,Short,155.90747000000002,155.938,155.427,2025-12-18T10:10:00+00:00,2025-12-18T10:45:00+00:00
2025-12-19 10:30:00+00:00,GBPUSD,0,0.0023999999999999577,0.0005207142857143188,4.609053497942013,1,1,-1,0.019204389574884538,0.4166666666666667,8.0,0.6666666666666666,1.075445816186285,0.2542661179698679,3.9798792756550148,Short,1.3378824,1.33828,1.3363,2025-12-19T09:50:00+00:00,2025-12-19T10:45:00+00:00
2025-12-19 13:30:00+00:00,EURUSD,1,0.0025399999999999867,0.0003885714285714365,6.536764705882185,1,1,1,0.025735294117815128,0.9166666666666666,3.0,0.25,1.1066176470591933,0.2951838235291795,4.502784146738171,Long,1.1714953000000001,1.17119,1.17287,2025-12-19T13:15:00+00:00,2025-12-19T13:35:00+00:00
2025-12-22 08:10:00+00:00,EURUSD,0,0.0021500000000000963,0.000342142857142894,6.283924843423404,1,1,-1,0.20459290187828574,0.027777777777777776,1.0,0.08333333333333333,1.5490605427970923,0.06926931106491788,4.022588360352178,Short,1.1724737,1.17285,1.17096,2025-12-22T08:05:00+00:00,2025-12-22T08:15:00+00:00
2025-12-22 08:35:00+00:00,GBPUSD,0,0.004050000000000109,0.0005228571428571424,7.745901639344478,1,1,-1,0.382513661202144,0.09722222222222222,3.0,0.25,0.6502732240437298,0.0983060109290283,13.623032311519491,Short,1.3411586,1.3414,1.33787,2025-12-22T08:20:00+00:00,2025-12-22T09:15:00+00:00
2025-12-22 09:15:00+00:00,GBPJPY,0,0.7340000000000089,0.08914285714285443,8.23397435897471,1,1,-1,0.3701923076921736,0.20833333333333334,5.0,0.4166666666666667,1.1442307692308473,0.18599358974364816,8.803921568628382,Short,211.26658,211.339,210.629,2025-12-22T08:50:00+00:00,2025-12-22T09:20:00+00:00
2025-12-22 13:55:00+00:00,USDJPY,0,0.4310000000000116,0.1153571428571435,3.7362229102167976,1,1,1,3.0773993808048474,0.9861111111111112,9.0,0.75,1.1616099071206163,0.2675170278639344,5.3170065167131035,Long,157.15614,157.061,157.662,2025-12-22T13:10:00+00:00,2025-12-22T14:00:00+00:00
2025-12-23 08:20:00+00:00,EURUSD,0,0.0018599999999999728,0.0003785714285714186,4.913207547169868,1,1,-1,0.6075471698112112,0.05555555555555555,3.0,0.25,1.2150943396224223,0.3608301886793664,4.603184323332064,Short,1.1777834,1.17811,1.17628,2025-12-23T08:05:00+00:00,2025-12-23T13:50:00+00:00
2025-12-23 09:25:00+00:00,USDJPY,0,1.0159999999999911,0.09335714285714403,10.88293802601354,1,1,1,2.024483550114666,0.2361111111111111,5.0,0.4166666666666667,1.1247130833972734,0.2833205814841271,13.63447350770985,Long,155.91155,155.837,156.928,2025-12-23T09:00:00+00:00,2025-12-23T09:30:00+00:00
2025-12-24 08:05:00+00:00,GBPJPY,0,0.63900000000001,0.08392857142856817,7.61361702127701,1,1,1,0.08340425531921176,0.013888888888888888,1.0,0.08333333333333333,1.072340425531997,0.13225531914892938,7.090766823162438,Long,210.5889,210.525,211.042,2025-12-24T08:00:00+00:00,2025-12-24T08:10:00+00:00
2025-12-24 08:30:00+00:00,GBPUSD,0,0.0026999999999999247,0.000444999999999997,6.0674157303369505,1,2,1,0.04494382022501384,0.08333333333333333,5.0,0.4166666666666667,1.3258426966294257,0.36202247190992176,5.803533062781726,Long,1.3509789,1.35056,1.35341,2025-12-24T08:05:00+00:00,2025-12-24T08:35:00+00:00
2025-12-24 08:30:00+00:00,EURUSD,0,0.0021999999999999797,0.0004242857142857342,5.185185185184895,1,1,1,0.11784511784536102,0.08333333333333333,5.0,0.4166666666666667,1.3905723905720153,0.3561279461280959,4.586058725234256,Long,1.1788789,1.17846,1.1808,2025-12-24T08:05:00+00:00,2025-12-24T08:40:00+00:00
2025-12-26 08:20:00+00:00,EURUSD,0,0.002349999999999852,0.00034999999999999317,6.714285714285423,1,1,1,0.7428571428575831,0.05555555555555555,4.0,0.3333333333333333,1.4571428571429155,0.22257142857133036,5.793703396850844,Long,1.1772521,1.17689,1.17935,2025-12-26T08:00:00+00:00,2025-12-26T08:35:00+00:00
2025-12-26 08:20:00+00:00,GBPUSD,1,0.004329999999999945,0.00040642857142858535,10.65377855887472,2,1,1,0.5905096660808676,0.05555555555555555,4.0,0.3333333333333333,1.107205623901695,0.07504393673121383,11.48826291079683,Long,1.3486095,1.34829,1.35228,2025-12-26T08:00:00+00:00,2025-12-26T08:40:00+00:00
2025-12-28 09:35:00+00:00,BTCUSD,0,355.9100000000035,59.27142857142878,6.004748132080057,1,1,-1,0.3799469751748083,0.2638888888888889,11.0,0.9166666666666666,2.0357194504700447,0.30551988430934107,1.696553929911276,Short,87686.0714,87771.74,87540.73,2025-12-28T08:40:00+00:00,2025-12-28T09:40:00+00:00
2025-12-29 08:05:00+00:00,GBPJPY,0,0.875,0.09892857142857281,8.844765342960166,1,1,1,0.26281588447663634,0.013888888888888888,1.0,0.08333333333333333,2.173285198555961,0.3472202166063844,4.9285948247627624,Long,210.59365,210.441,211.346,2025-12-29T08:00:00+00:00,2025-12-29T08:10:00+00:00
2025-12-29 08:15:00+00:00,GBPUSD,0,0.003029999999999866,0.0006285714285714386,4.820454545454256,1,1,1,0.747727272727567,0.041666666666666664,3.0,0.25,0.8272727272724817,0.033090909090800355,6.286023835320049,Long,1.3488792,1.34851,1.3512,2025-12-29T08:00:00+00:00,2025-12-29T08:20:00+00:00
2025-12-29 09:00:00+00:00,EURUSD,0,0.003269999999999884,0.0005007142857142988,6.530670470755661,1,1,-1,0.4393723252498496,0.16666666666666666,2.0,0.16666666666666666,2.496433666191037,0.42439372325238317,2.7183098591550636,Short,1.1777925,1.17868,1.17538,2025-12-29T08:50:00+00:00,2025-12-29T09:25:00+00:00
2025-12-29 10:05:00+00:00,BTCUSD,0,2595.029999999999,252.1871428571446,10.290096357013706,1,1,1,0.2671428814202401,0.3472222222222222,3.0,0.25,1.1201601984920626,0.18475208320349312,11.468495706440988,Long,88026.0779,87825.51,90326.29,2025-12-29T09:50:00+00:00,2025-12-29T10:10:00+00:00
2025-12-30 08:05:00+00:00,GBPJPY,0,0.5209999999999866,0.08321428571428717,6.260944206008313,1,1,1,0.3244635193134821,0.013888888888888888,1.0,0.08333333333333333,2.3433476394848554,0.5954506437766,2.929216323582227,Long,210.68845000000002,210.55,211.094,2025-12-30T08:00:00+00:00,2025-12-30T08:10:00+00:00
2025-12-30 08:30:00+00:00,EURUSD,0,0.0013600000000000279,0.00037785714285711237,3.5992438563330675,1,2,1,0.07939508506610148,0.08333333333333333,5.0,0.4166666666666667,1.3497164461243125,0.3914177693761564,2.175918254627419,Long,1.1772021,1.17684,1.17799,2025-12-30T08:05:00+00:00,2025-12-30T08:35:00+00:00
2025-12-30 08:40:00+00:00,USDJPY,0,0.4230000000000018,0.06878571428571181,6.149532710280622,1,1,1,0.5524402907582263,0.1111111111111111,8.0,0.6666666666666666,0.8722741433022451,0.16573208722755053,9.633802816903204,Long,155.9296,155.887,156.34,2025-12-30T08:00:00+00:00,2025-12-30T08:45:00+00:00
2025-12-30 11:00:00+00:00,GBPUSD,0,0.0023900000000001143,0.0004014285714286002,5.953736654804128,1,1,-1,0.17437722419931187,0.5,11.0,0.9166666666666666,1.2704626334518923,0.10487544483968536,5.683236674951329,Short,1.3518379,1.3522,1.34978,2025-12-30T10:05:00+00:00,2025-12-30T11:05:00+00:00
2025-12-31 09:05:00+00:00,EURUSD,1,0.0019299999999999873,0.0003507142857143153,5.5030549898162,1,1,1,0.5702647657840032,0.18055555555555555,8.0,0.6666666666666666,1.0835030549898592,0.029083503054873998,8.896219421790152,Long,1.1725098,1.17224,1.17491,2025-12-31T08:25:00+00:00,2025-12-31T09:10:00+00:00
2025-12-31 09:20:00+00:00,GBPJPY,1,0.33500000000000796,0.08442857142857056,3.96785109983093,1,1,1,0.16582064297778695,0.2222222222222222,11.0,0.9166666666666666,1.1607445008461919,0.37404399323170845,6.401552170163843,Long,210.38858,210.319,210.834,2025-12-31T08:25:00+00:00,2025-12-31T09:25:00+00:00
2025-12-31 09:20:00+00:00,GBPUSD,1,0.0016300000000000203,0.0006121428571428707,2.662777129521561,1,1,1,1.3232205367560599,0.2222222222222222,11.0,0.9166666666666666,1.355892648774943,0.13183197199540253,5.567113524519283,Long,1.3434793,1.34289,1.34676,2025-12-31T08:25:00+00:00,2025-12-31T09:30:00+00:00
2025-12-31 10:30:00+00:00,USDJPY,0,0.32500000000001705,0.031571428571427064,10.294117647059855,1,1,-1,0.15837104072384542,0.4166666666666667,5.0,0.4166666666666667,1.7104072398182508,0.4643438914033879,7.372456964011289,Short,156.61366,156.652,156.331,2025-12-31T10:05:00+00:00,2025-12-31T10:35:00+00:00
2025-12-31 10:35:00+00:00,BTCUSD,0,642.7799999999988,76.46071428571511,8.40667009201727,1,1,-1,0.13902564342105056,0.4305555555555556,5.0,0.4166666666666667,0.6502685786351616,0.048505955439209957,14.201466239107418,Short,88569.7788,88605.08,88068.45,2025-12-31T10:10:00+00:00,2025-12-31T10:40:00+00:00
2026-01-02 09:05:00+00:00,GBPUSD,0,0.003350000000000186,0.0006235714285714376,5.372279495991057,1,1,1,0.09621993127139446,0.18055555555555555,12.0,1.0,1.7479954180981863,0.13807560137471098,4.259077400182474,Long,1.3458238999999999,1.34505,1.34912,2026-01-02T08:05:00+00:00,2026-01-02T09:10:00+00:00
2026-01-02 12:55:00+00:00,USDJPY,0,0.47999999999998977,0.033214285714287986,14.45161290322451,1,1,-1,0.15053763440845494,0.8194444444444444,3.0,0.25,0.7225806451612683,0.17944086021466607,25.17370892017446,Short,156.94896,156.966,156.52,2026-01-02T12:40:00+00:00,2026-01-02T13:00:00+00:00
2026-01-05 08:40:00+00:00,USDJPY,0,0.37999999999999545,0.08114285714286495,4.683098591548789,1,1,1,0.246478873239539,0.1111111111111111,7.0,0.5833333333333334,0.9489436619717172,0.2505457746482294,8.145783793673235,Long,156.85666999999998,156.802,157.302,2026-01-05T08:05:00+00:00,2026-01-05T08:45:00+00:00
2026-01-05 13:50:00+00:00,EURUSD,0,0.0038800000000001056,0.0004757142857142936,8.156156156156243,1,2,1,0.48348348348337555,0.9722222222222222,11.0,0.9166666666666666,1.0090090090090678,0.2505705705707703,13.084507042252685,Long,1.1666508,1.16631,1.17111,2026-01-05T12:55:00+00:00,
2026-01-06 08:20:00+00:00,USDJPY,0,0.5670000000000073,0.06885714285714073,8.234439834025256,1,1,1,0.15975103734434054,0.05555555555555555,4.0,0.3333333333333333,1.1182572614107966,0.0678215767631386,9.279860984088932,Long,156.29166999999998,156.237,156.799,2026-01-06T08:00:00+00:00,2026-01-06T08:25:00+00:00
2026-01-06 09:40:00+00:00,EURUSD,0,0.003210000000000157,0.0004035714285714555,7.953982300884815,1,1,1,0.32212389380519774,0.2777777777777778,3.0,0.25,1.0159292035398084,0.07161061946901774,10.130195808996987,Long,1.1713411,1.17105,1.17429,2026-01-06T09:25:00+00:00,2026-01-06T09:45:00+00:00
2026-01-06 11:35:00+00:00,GBPUSD,0,0.0040000000000000036,0.0004514285714285788,8.860759493670749,1,1,1,0.28797468354471006,0.5972222222222222,6.0,0.5,0.9303797468356205,0.12892405063292756,13.25217974513653,Long,1.3528282,1.35253,1.35678,2026-01-06T11:05:00+00:00,2026-01-06T12:10:00+00:00
2026-01-07 08:30:00+00:00,GBPJPY,0,0.6990000000000123,0.08421428571428992,8.30025445292594,1,1,1,0.4631043256995712,0.08333333333333333,5.0,0.4166666666666667,0.8787107718406447,0.25482612383363173,11.657023220398642,Long,211.14554,211.093,211.758,2026-01-07T08:05:00+00:00,2026-01-07T09:15:00+00:00
2026-01-07 08:35:00+00:00,EURUSD,0,0.0024100000000000232,0.0004485714285714648,5.372611464967771,1,1,1,0.3343949044582874,0.09722222222222222,6.0,0.5,1.0700636942675097,0.13197452229281795,6.0422535211260175,Long,1.1682108,1.16787,1.17027,2026-01-07T08:05:00+00:00,2026-01-07T08:40:00+00:00
2026-01-07 08:35:00+00:00,GBPUSD,0,0.002569999999999961,0.0005371428571428868,4.784574468084769,1,1,1,0.8563829787235933,0.09722222222222222,7.0,0.5833333333333334,1.6010638297872999,0.2222872340425255,3.7330494595470927,Long,1.3494406,1.34883,1.35172,2026-01-07T08:00:00+00:00,2026-01-07T08:40:00+00:00
2026-01-07 10:05:00+00:00,BTCUSD,0,1543.6800000000076,167.53142857142873,9.214271096254897,1,1,1,1.0367606930895825,0.3472222222222222,10.0,0.8333333333333334,0.7300719694385556,0.07735802237525549,22.947577213752293,Long,91730.8301,91643.99,93723.6,2026-01-07T09:15:00+00:00,2026-01-07T10:10:00+00:00
2026-01-08 08:15:00+00:00,USDJPY,1,0.4870000000000232,0.0660714285714233,7.37081081081175,1,1,1,0.13621621621601718,0.041666666666666664,3.0,0.25,0.6054054054053333,0.16043243243217886,13.683098591546836,Long,156.56640000000002,156.538,156.955,2026-01-08T08:00:00+00:00,2026-01-08T08:20:00+00:00
2026-01-08 08:15:00+00:00,GBPJPY,0,0.7690000000000055,0.09964285714284975,7.7175627240149645,1,1,1,0.832974910394311,0.041666666666666664,3.0,0.25,0.7526881720429526,0.21827956989246194,12.577464788734845,Long,210.48725,210.434,211.157,2026-01-08T08:00:00+00:00,2026-01-08T08:20:00+00:00
2026-01-08 09:00:00+00:00,GBPUSD,0,0.0020299999999999763,0.0005821428571429278,3.4871165644167137,1,1,1,1.2368098159508627,0.16666666666666666,12.0,1.0,1.3398773006133393,0.11371779141067562,4.1462621885152915,Long,1.3442438,1.34369,1.34654,2026-01-08T08:00:00+00:00,2026-01-08T09:05:00+00:00
2026-01-08 09:00:00+00:00,EURUSD,0,0.0010399999999999299,0.00033642857142861845,3.091295116772183,2,2,1,0.23779193205965257,0.16666666666666666,8.0,0.6666666666666666,1.4861995753718384,0.1932059447982202,2.8309859154919006,Long,1.167305,1.16695,1.16831,2026-01-08T08:20:00+00:00,2026-01-08T09:05:00+00:00
2026-01-09 08:20:00+00:00,BTCUSD,0,939.7299999999959,112.39214285714115,8.361171662991275,1,1,1,2.321603569136097,0.05555555555555555,4.0,0.3333333333333333,0.7421337282093097,0.04271739890304884,14.331697655059859,Long,90728.3811,90669.16,91577.12,2026-01-09T08:00:00+00:00,2026-01-09T08:25:00+00:00
2026-01-09 08:25:00+00:00,GBPJPY,0,0.7369999999999948,0.07114285714285781,10.359437751003846,1,1,-1,0.7309236947790041,0.06944444444444445,5.0,0.4166666666666667,0.8714859437748589,0.014337349397347073,15.878691503865959,Short,211.46698,211.511,210.768,2026-01-09T08:00:00+00:00,2026-01-09T08:30:00+00:00
2026-01-09 09:00:00+00:00,GBPUSD,0,0.0023600000000001398,0.0004642857142857266,5.08307692307709,1,1,1,0.12923076923065593,0.16666666666666666,5.0,0.4166666666666667,0.9261538461536718,0.11781538461530204,6.468064199149728,Long,1.3418553,1.34155,1.34383,2026-01-09T08:35:00+00:00,2026-01-09T09:05:00+00:00
2026-01-09 09:05:00+00:00,USDJPY,0,0.707000000000022,0.05271428571428771,13.411924119241103,1,1,-1,0.4173441734415547,0.18055555555555555,11.0,0.9166666666666666,1.3279132791326116,0.27127371273695666,15.056338028168595,Short,157.6153,157.665,156.867,2026-01-09T08:10:00+00:00,2026-01-09T09:10:00+00:00
2026-01-09 10:35:00+00:00,EURUSD,0,0.0019100000000000783,0.0002642857142857486,7.227027027026384,1,1,1,1.1729729729729435,0.4305555555555556,3.0,0.25,1.0216216216214604,0.18275675675673725,7.8680229525293965,Long,1.1644017,1.16421,1.16591,2026-01-09T10:20:00+00:00,2026-01-09T10:40:00+00:00
2026-01-10 11:05:00+00:00,BTCUSD,0,396.3999999999942,40.90928571428854,9.689731636197745,1,1,-1,0.3693537967279408,0.5138888888888888,10.0,0.8333333333333334,0.5001309517574946,0.03291673214229493,25.99048641802428,Short,90643.21340000001,90657.74,90265.66,2026-01-10T10:15:00+00:00,2026-01-10T11:10:00+00:00
2026-01-11 13:25:00+00:00,BTCUSD,0,404.79000000000815,62.447142857143525,6.482122023196822,1,1,-1,0.19152197286835052,0.9027777777777778,12.0,1.0,1.6140049870748965,0.4323800700020397,5.700027528998805,Short,90737.1791,90808.74,90329.28,2026-01-11T12:25:00+00:00,2026-01-11T13:30:00+00:00
2026-01-12 08:10:00+00:00,EURUSD,0,0.006600000000000161,0.0005050000000000095,13.069306930693145,1,1,-1,0.31683168316818805,0.027777777777777776,0.0,0.0,2.1782178217823374,0.5128712871282818,7.655569782328891,Short,1.1681489999999999,1.16893,1.16217,2026-01-12T08:10:00+00:00,2026-01-12T08:15:00+00:00
2026-01-12 08:20:00+00:00,GBPUSD,0,0.005619999999999958,0.0005964285714285612,9.422754491018056,1,1,-1,1.4419161676648344,0.05555555555555555,4.0,0.3333333333333333,1.0898203592811495,0.31604790419149614,12.607800650056996,Short,1.3448985,1.34536,1.33908,2026-01-12T08:00:00+00:00,2026-01-12T08:25:00+00:00
2026-01-12 09:15:00+00:00,BTCUSD,0,1846.7699999999895,200.24714285714123,9.222453682235546,1,1,1,0.2972327052999022,0.20833333333333334,8.0,0.6666666666666666,0.6060510940052728,0.005065740192476597,19.215027806918815,Long,90749.1156,90662.95,92404.79,2026-01-12T08:35:00+00:00,2026-01-12T09:20:00+00:00
2026-01-13 08:25:00+00:00,EURUSD,0,0.0013700000000000934,0.0003407142857142815,4.020964360587326,1,1,-1,0.29350104821800066,0.06944444444444445,3.0,0.25,0.7044025157233319,0.05752620545108526,4.5164319248831,Short,1.1661596,1.16633,1.16539,2026-01-13T08:10:00+00:00,2026-01-13T08:30:00+00:00
2026-01-13 08:55:00+00:00,USDJPY,0,1.0109999999999957,0.05921428571428221,17.073582629675244,1,1,-1,0.23642943305205266,0.1527777777777778,11.0,0.9166666666666666,1.4354644149579998,0.3149577804585382,16.315658657829683,Short,158.94765,159.008,157.963,2026-01-13T08:00:00+00:00,2026-01-13T09:00:00+00:00
2026-01-13 09:35:00+00:00,BTCUSD,0,1256.7900000000081,127.45214285714194,9.860877752433822,1,1,-1,1.0802486087214338,0.2638888888888889,7.0,0.5833333333333334,1.5029170613059581,0.20054978619431313,9.815327884823217,Short,92269.05949999999,92405.06,90934.17,2026-01-13T09:00:00+00:00,2026-01-13T09:40:00+00:00
2026-01-13 13:30:00+00:00,GBPUSD,0,0.0016599999999999948,0.0007135714285714087,2.326326326326384,1,1,1,0.014014014014106213,0.9166666666666666,10.0,0.8333333333333334,5.521521521521752,0.5148748748746028,0.15635947665683061,Long,1.3483273999999998,1.34553,1.34789,2026-01-13T12:40:00+00:00,
2026-01-14 08:45:00+00:00,GBPJPY,0,0.5270000000000152,0.10457142857143051,5.03961748633885,1,1,1,0.21038251366111566,0.125,2.0,0.16666666666666666,1.0232240437158215,0.0666530054647082,3.6465710148736536,Long,213.83297000000002,213.757,214.11,2026-01-14T08:35:00+00:00,2026-01-14T08:50:00+00:00
2026-01-14 10:00:00+00:00,EURUSD,0,0.0015699999999998493,0.00031357142857143687,5.0068337129834415,1,1,-1,0.3507972665149709,0.3333333333333333,5.0,0.4166666666666667,1.658314350797465,0.034441913439916906,3.3066088840741044,Short,1.1648408000000001,1.16521,1.16362,2026-01-14T09:35:00+00:00,2026-01-14T10:05:00+00:00
2026-01-15 09:15:00+00:00,GBPJPY,1,0.6210000000000093,0.10578571428571795,5.870357866306434,1,1,-1,0.0945307224847183,0.20833333333333334,11.0,0.9166666666666666,4.112086428088739,0.6981093855502143,1.2146673142303563,Short,212.95015,213.259,212.575,2026-01-15T08:20:00+00:00,2026-01-15T09:20:00+00:00
2026-01-15 10:00:00+00:00,BTCUSD,0,1260.1900000000023,125.33785714285789,10.05434454303507,1,1,-1,0.6218392573216541,0.3333333333333333,4.0,0.3333333333333333,1.1127523892564695,0.20812786012659115,12.188963854107003,Short,96956.3963,97055.42,95749.4,2026-01-15T09:40:00+00:00,2026-01-15T10:05:00+00:00
2026-01-15 11:10:00+00:00,GBPUSD,0,0.0020300000000001983,0.0004135714285714893,4.908462867011849,1,1,1,0.4110535405866305,0.5277777777777778,5.0,0.4166666666666667,1.450777202072703,0.11122625215885533,4.070422535211201,Long,1.342606,1.34218,1.34434,2026-01-15T10:45:00+00:00,2026-01-15T11:15:00+00:00
2026-01-16 09:45:00+00:00,EURUSD,0,0.0012399999999999078,0.0002271428571428702,5.459119496854626,1,1,-1,0.13207547169897088,0.2916666666666667,4.0,0.3333333333333333,0.7924528301889374,0.14176100628995503,6.51173708920178,Short,1.1610822,1.16121,1.16025,2026-01-16T09:25:00+00:00,2026-01-16T09:50:00+00:00
2026-01-16 14:00:00+00:00,USDJPY,0,0.7479999999999905,0.0577142857142852,12.96039603960391,1,1,1,0.3118811881188265,1.0,2.0,0.16666666666666666,1.5594059405941325,0.17153465346513297,10.079812206574543,Long,158.0639,158.0,158.708,2026-01-16T13:50:00+00:00,
2026-01-17 08:05:00+00:00,BTCUSD,0,528.3099999999977,63.22500000000063,8.356030051403597,1,1,1,0.540608936338588,0.013888888888888888,1.0,0.08333333333333333,0.92068011071579,0.022631870304573268,10.197195196604193,Long,95123.7791,95082.45,95545.22,2026-01-17T08:00:00+00:00,2026-01-17T08:10:00+00:00
2026-01-18 10:00:00+00:00,BTCUSD,0,406.2700000000041,49.95857142857027,8.132138057247705,1,1,-1,0.08086700408897611,0.3333333333333333,5.0,0.4166666666666667,3.8423836893428156,1.1142912699092797,2.14942373557849,Short,95123.92839999999,95260.22,94830.98,2026-01-18T09:35:00+00:00,2026-01-18T10:20:00+00:00
2026-01-19 08:30:00+00:00,GBPJPY,0,0.7669999999999959,0.09507142857143183,8.067618332080823,1,1,-1,0.3365890308040077,0.08333333333333333,6.0,0.5,0.8519909842225417,0.026190833959370798,13.53660233002783,Short,211.68149,211.739,210.903,2026-01-19T08:00:00+00:00,2026-01-19T08:35:00+00:00
2026-01-19 08:30:00+00:00,USDJPY,0,0.6989999999999839,0.06921428571429138,10.099071207429281,1,1,-1,0.34674922600617675,0.08333333333333333,5.0,0.4166666666666667,1.8059855521154353,0.43704850361186637,6.954929577464256,Short,158.04225,158.131,157.425,2026-01-19T08:05:00+00:00,2026-01-19T08:35:00+00:00
2026-01-19 09:10:00+00:00,GBPUSD,0,0.002889999999999837,0.0005914285714285443,4.886473429951639,1,1,-1,0.9130434782608859,0.19444444444444445,2.0,0.16666666666666666,0.929951690821384,0.2189613526572104,6.016645326505104,Short,1.3404895000000001,1.34088,1.33814,2026-01-19T09:00:00+00:00,2026-01-19T09:45:00+00:00
2026-01-20 08:55:00+00:00,BTCUSD,0,2140.12000000001,176.56142857143172,12.121107182445447,1,1,1,0.6366622705168646,0.1527777777777778,4.0,0.3333333333333333,0.7060432225126091,0.12075910448002912,20.62784181424153,Long,90988.6686,90900.16,92814.41,2026-01-20T08:35:00+00:00,2026-01-20T09:00:00+00:00
2026-01-21 08:30:00+00:00,USDJPY,0,0.42399999999997817,0.06835714285714037,6.202716823406385,1,1,1,0.3803552769071679,0.08333333333333333,4.0,0.3333333333333333,0.76071055381392,0.17671891327102196,9.37378114843394,Long,157.93692,157.9,158.283,2026-01-21T08:10:00+00:00,2026-01-21T08:35:00+00:00
2026-01-21 08:45:00+00:00,EURUSD,0,0.002429999999999932,0.00042000000000005526,5.785714285713363,1,1,1,0.023809523809676658,0.125,7.0,0.5833333333333334,0.880952380952221,0.08880952380955469,9.011419870576399,Long,1.1710627,1.1708,1.17343,2026-01-21T08:10:00+00:00,2026-01-21T08:50:00+00:00
2026-01-21 10:05:00+00:00,GBPUSD,0,0.00275000000000003,0.0005035714285714762,5.460992907800962,1,1,1,1.469503546099078,0.3472222222222222,7.0,0.5833333333333334,0.714893617021042,0.030978723404261322,16.68388106416064,Long,1.3414056,1.34115,1.34567,2026-01-21T09:30:00+00:00,2026-01-21T10:10:00+00:00
2026-01-21 12:30:00+00:00,BTCUSD,0,1876.3899999999994,198.13857142857054,9.470089475619556,1,1,1,0.4505937403116841,0.75,4.0,0.3333333333333333,1.0861085675969822,0.2827213277864528,10.880857636525391,Long,88352.702,88199.91,90015.21,2026-01-21T12:10:00+00:00,
2026-01-22 09:00:00+00:00,GBPUSD,1,0.0022599999999999287,0.00048714285714284474,4.639296187683256,2,2,1,1.1085043988269767,0.16666666666666666,6.0,0.5,1.1290322580641927,0.0010263929620203261,4.68501920614626,Long,1.3421205,1.34173,1.34395,2026-01-22T08:30:00+00:00,2026-01-22T09:05:00+00:00
2026-01-22 10:05:00+00:00,EURUSD,0,0.002449999999999841,0.00035214285714286434,6.957403651115025,1,1,-1,0.0567951318462127,0.3472222222222222,9.0,0.75,1.7322515212981375,0.5023529411765607,4.24128376818329,Short,1.1691169000000001,1.16955,1.16728,2026-01-22T09:20:00+00:00,2026-01-22T10:35:00+00:00
2026-01-23 08:30:00+00:00,EURUSD,0,0.0018800000000001038,0.0004899999999999904,3.8367346938778377,3,1,1,0.040816326530427285,0.08333333333333333,6.0,0.5,1.2244897959182564,0.3346938775511351,4.258215962440898,Long,1.173586,1.17316,1.1754,2026-01-23T08:00:00+00:00,2026-01-23T09:55:00+00:00
2026-01-23 08:35:00+00:00,GBPUSD,0,0.002950000000000008,0.0007571428571429006,3.8962264150941266,1,1,1,0.10566037735859017,0.09722222222222222,1.0,0.08333333333333333,1.0698113207546256,0.1781698113206624,3.7991653625453887,Long,1.3490651,1.34849,1.35125,2026-01-23T08:30:00+00:00,
2026-01-23 09:05:00+00:00,BTCUSD,0,709.0500000000029,125.13642857142675,5.666215730260222,1,1,1,0.6680708483882705,0.18055555555555555,8.0,0.6666666666666666,0.6738245686137502,0.04661152684775489,12.468810968274623,Long,89251.61720000001,89191.75,89998.09,2026-01-23T08:25:00+00:00,2026-01-23T09:10:00+00:00
2026-01-25 08:00:00+00:00,BTCUSD,0,681.7599999999948,51.15214285714319,13.328082889977887,1,1,1,0.16832139416028843,0.0,0.0,0.0,2.5539497018697443,0.23626771675516503,6.442989227464747,Long,88588.0644,88495.31,89185.68,2026-01-25T08:00:00+00:00,2026-01-25T08:05:00+00:00
2026-01-26 08:10:00+00:00,BTCUSD,0,1583.37999999999,144.05714285714308,10.991332804442596,1,1,-1,0.6668881396271795,0.027777777777777776,2.0,0.16666666666666666,1.693286394288031,0.4534290955970352,8.51502480219726,Short,87880.8797,88054.07,86406.16,2026-01-26T08:00:00+00:00,2026-01-26T08:20:00+00:00
2026-01-26 08:30:00+00:00,GBPUSD,0,0.003649999999999931,0.0008171428571428972,4.466783216782914,1,1,1,0.048951048951095505,0.08333333333333333,2.0,0.16666666666666666,1.7132867132864407,0.2398601398602321,2.0885311871228303,Long,1.365904,1.36491,1.36798,2026-01-26T08:20:00+00:00,2026-01-26T08:40:00+00:00
2026-01-26 08:45:00+00:00,GBPJPY,0,1.97199999999998,0.2325714285714286,8.479115479115393,1,1,1,0.3224815724816458,0.125,4.0,0.3333333333333333,0.8685503685503606,0.2518796068796339,12.826523497420776,Long,210.24142,210.098,212.081,2026-01-26T08:25:00+00:00,2026-01-26T08:50:00+00:00
2026-01-26 08:45:00+00:00,USDJPY,0,1.5360000000000014,0.19957142857142937,7.696492483894034,1,1,1,1.272727272727221,0.125,3.0,0.25,0.7716535433070653,0.22377952755902045,13.450338393999811,Long,153.87834,153.769,155.349,2026-01-26T08:30:00+00:00,2026-01-26T08:50:00+00:00
2026-01-26 13:20:00+00:00,EURUSD,0,0.003970000000000029,0.00040928571428573105,9.699825479929865,1,1,1,0.12216404886587234,0.8888888888888888,4.0,0.3333333333333333,1.0750436300179407,0.23846422338548406,10.49167733674468,Long,1.1843724,1.18406,1.18765,2026-01-26T13:00:00+00:00,
2026-01-27 08:50:00+00:00,GBPUSD,1,0.003069999999999906,0.0006342857142856984,4.840090090090063,1,2,1,0.4729729729729328,0.1388888888888889,8.0,0.6666666666666666,0.8355855855858296,0.1004279279277552,7.902471432365163,Long,1.3670963,1.36672,1.37007,2026-01-27T08:10:00+00:00,2026-01-27T08:55:00+00:00
2026-01-27 08:50:00+00:00,EURUSD,1,0.00383,0.0005149999999999798,7.436893203883788,1,1,1,0.815533980582294,0.1388888888888889,8.0,0.6666666666666666,0.660194174757321,0.05553398058261433,17.144159072082793,Long,1.1857914,1.18555,1.18993,2026-01-27T08:10:00+00:00,2026-01-27T08:55:00+00:00
2026-01-27 08:55:00+00:00,USDJPY,1,0.6800000000000068,0.0804285714285738,8.454706927175678,1,1,-1,0.26110124333907947,0.1527777777777778,9.0,0.75,0.9946714031972842,0.21385435168741432,11.218309859153132,Short,154.7252,154.782,154.088,2026-01-27T08:10:00+00:00,2026-01-27T09:00:00+00:00
2026-01-28 09:25:00+00:00,EURUSD,0,0.005090000000000039,0.0007478571428571255,6.80611270296105,1,2,1,0.5081184336199408,0.2361111111111111,8.0,0.6666666666666666,0.6284622731613886,0.11539637058259776,12.754869643396777,Long,1.1983237,1.19799,1.20258,2026-01-28T08:45:00+00:00,2026-01-28T09:30:00+00:00
2026-01-28 09:30:00+00:00,GBPUSD,0,0.004229999999999956,0.0007871428571429069,5.373865698729187,1,2,1,0.5843920145188986,0.25,9.0,0.75,1.3212341197823236,0.35774954627931926,5.798483206932665,Long,1.3788484,1.37811,1.38313,2026-01-28T08:45:00+00:00,2026-01-28T09:35:00+00:00
2026-01-28 09:30:00+00:00,GBPJPY,0,0.8170000000000073,0.11164285714285833,7.317978246960959,1,1,1,0.22392834293031083,0.25,7.0,0.5833333333333334,0.7971849008317131,0.06099808061421657,11.992562114260272,Long,210.46319,210.4,211.221,2026-01-28T08:55:00+00:00,2026-01-28T09:35:00+00:00
2026-01-28 10:20:00+00:00,BTCUSD,0,675.8399999999965,166.60285714285627,4.056593095642332,1,1,-1,0.42280187271699926,0.3888888888888889,5.0,0.4166666666666667,0.7676939170996587,0.037580387919938306,5.862755894239992,Short,89244.481,89335.29,88712.09,2026-01-28T09:55:00+00:00,2026-01-28T10:25:00+00:00
2026-01-29 08:45:00+00:00,GBPJPY,0,0.7959999999999923,0.10628571428571425,7.489247311827887,1,1,-1,0.28225806451613983,0.125,7.0,0.5833333333333334,1.2701612903224955,0.18017473118302765,7.075117370893339,Short,212.01215000000002,212.108,211.334,2026-01-29T08:10:00+00:00,
2026-01-29 09:00:00+00:00,USDJPY,0,0.6589999999999918,0.08935714285713914,7.374900079936267,1,1,-1,0.2350119904078516,0.16666666666666666,5.0,0.4166666666666667,1.0519584332536929,0.0754276578737908,7.855259214862444,Short,153.29326,153.36,152.769,2026-01-29T08:35:00+00:00,2026-01-29T09:05:00+00:00
2026-01-29 11:10:00+00:00,GBPUSD,0,0.005509999999999904,0.000562857142857119,9.789340101523088,1,1,1,0.532994923857832,0.5277777777777778,5.0,0.4166666666666667,0.44416243654839055,0.004441624365314272,32.23943661968776,Long,1.3790975,1.37892,1.38482,2026-01-29T10:45:00+00:00,2026-01-29T11:15:00+00:00
2026-01-30 08:35:00+00:00,GBPJPY,0,0.6050000000000182,0.14521428571428885,4.166256763403872,1,1,-1,0.20659124446630933,0.09722222222222222,7.0,0.5833333333333334,1.5150024594195364,0.28371864240041117,2.3482714468628845,Short,211.6738,211.83,211.307,2026-01-30T08:00:00+00:00,2026-01-30T09:45:00+00:00
2026-01-30 09:35:00+00:00,USDJPY,0,1.061000000000007,0.09157142857142933,11.586583463338515,1,2,-1,0.2184087363495639,0.2638888888888889,3.0,0.25,1.3650546021840761,0.13377535101397986,11.202816901407807,Short,154.07625,154.165,153.082,2026-01-30T09:20:00+00:00,2026-01-30T09:40:00+00:00
2026-01-30 10:10:00+00:00,GBPUSD,0,0.008279999999999843,0.0008799999999999919,9.409090909090818,2,1,1,0.7272727272729567,0.3611111111111111,4.0,0.3333333333333333,1.2386363636364153,0.23420454545453268,8.897919627858974,Long,1.3745439,1.37377,1.38143,2026-01-30T09:50:00+00:00,2026-01-30T10:15:00+00:00
2026-02-02 10:35:00+00:00,GBPUSD,0,0.004550000000000054,0.0006214285714285823,7.321839080459728,1,1,-1,0.0804597701151109,0.4305555555555556,10.0,0.8333333333333334,1.367816091954027,0.06999999999977846,6.887323943662407,Short,1.3701965,1.3708,1.36604,2026-02-02T09:45:00+00:00,2026-02-02T10:40:00+00:00
2026-02-02 12:35:00+00:00,BTCUSD,0,3552.1900000000023,177.6185714285748,19.99897854953998,1,1,-1,1.5475296180418159,0.7638888888888888,2.0,0.16666666666666666,0.7025166287308883,0.07878568039062508,37.04577746975415,Short,77812.66619999999,77901.26,74530.64,2026-02-02T12:25:00+00:00,2026-02-02T12:40:00+00:00
2026-02-03 10:00:00+00:00,GBPJPY,0,0.4420000000000073,0.09314285714285729,4.7453987730062055,1,2,-1,0.23619631901831176,0.3333333333333333,10.0,0.8333333333333334,0.7193251533743101,0.06903374233123033,9.91023754466942,Short,213.01743,213.065,212.546,2026-02-03T09:10:00+00:00,2026-02-03T10:05:00+00:00
2026-02-03 10:10:00+00:00,EURUSD,0,0.00262999999999991,0.00045285714285712785,5.807570977917975,1,1,1,0.1324921135645605,0.3611111111111111,5.0,0.4166666666666667,0.7728706624607534,0.3058359621452119,10.187122736414214,Long,1.1799085,1.17966,1.18244,2026-02-03T09:45:00+00:00,2026-02-03T12:45:00+00:00
2026-02-04 08:30:00+00:00,EURUSD,0,0.0027600000000000957,0.00047642857142859985,5.793103448275717,1,1,-1,0.3778110944528959,0.08333333333333333,4.0,0.3333333333333333,1.0494752623686374,0.2833583208395554,5.112676056340054,Short,1.182695,1.18305,1.18088,2026-02-04T08:10:00+00:00,2026-02-04T08:35:00+00:00
2026-02-04 08:35:00+00:00,GBPUSD,0,0.003090000000000037,0.0005657142857142647,5.462121212121481,1,2,-1,0.7777777777777996,0.09722222222222222,6.0,0.5,1.2020202020202713,0.37616161616184934,6.000828500412434,Short,1.3719971999999998,1.37248,1.3691,2026-02-04T08:05:00+00:00,2026-02-04T08:45:00+00:00
2026-02-04 08:35:00+00:00,GBPJPY,0,1.2319999999999993,0.08321428571427905,14.805150214593452,1,1,-1,1.7064377682404308,0.09722222222222222,6.0,0.5,1.009442060085956,0.2840858369098979,22.15560026827567,Short,214.68336,214.743,213.362,2026-02-04T08:05:00+00:00,2026-02-04T09:05:00+00:00
2026-02-04 09:05:00+00:00,USDJPY,0,0.6599999999999966,0.03550000000000101,18.591549295774023,1,1,-1,0.30985915492944693,0.18055555555555555,9.0,0.75,1.1549295774646662,0.05323943661980288,21.43215389900129,Short,156.42989,156.459,155.806,2026-02-04T08:20:00+00:00,2026-02-04T09:10:00+00:00
2026-02-05 08:25:00+00:00,EURUSD,0,0.002529999999999921,0.00042428571428570247,5.962962962962943,1,1,-1,0.18855218855238237,0.06944444444444445,2.0,0.16666666666666666,0.848484848484674,0.013198653198509765,7.568075117369803,Short,1.1802244,1.18048,1.17829,2026-02-05T08:15:00+00:00,2026-02-05T08:30:00+00:00
2026-02-05 09:55:00+00:00,GBPJPY,0,0.7589999999999861,0.13457142857143367,5.640127388534715,1,1,1,0.4012738853503185,0.3194444444444444,10.0,0.8333333333333334,1.3152866242039272,0.06933121019112187,6.543566483646885,Long,213.42067,213.295,214.243,2026-02-05T09:05:00+00:00,2026-02-05T10:00:00+00:00
2026-02-05 10:10:00+00:00,USDJPY,1,0.5190000000000055,0.05671428571428854,9.151133501259086,1,1,-1,0.6523929471033503,0.3611111111111111,10.0,0.8333333333333334,0.6171284634759796,0.16133501259454422,24.19114688130161,Short,157.28415,157.309,156.683,2026-02-05T09:20:00+00:00,2026-02-05T10:15:00+00:00
2026-02-06 08:15:00+00:00,USDJPY,0,0.39500000000001023,0.06542857142856917,6.037117903930496,1,1,-1,0.6266375545851258,0.041666666666666664,3.0,0.25,1.4366812227073829,0.38606986899569157,5.233143542105357,Short,156.85926,156.926,156.51,2026-02-06T08:00:00+00:00,2026-02-06T08:30:00+00:00
2026-02-06 10:20:00+00:00,GBPUSD,0,0.007059999999999844,0.00046714285714285646,15.11314984709449,1,1,-1,0.38532110091757943,0.3888888888888889,10.0,0.8333333333333334,0.9204892966364134,0.24681957186553022,22.19030461839476,Short,1.3576247,1.35793,1.35085,2026-02-06T09:30:00+00:00,2026-02-06T10:25:00+00:00
2026-02-06 14:00:00+00:00,BTCUSD,0,6947.979999999996,372.55928571428586,18.6493271444813,1,1,-1,0.2920877405897234,1.0,12.0,1.0,1.2199669084306666,0.2245760693887655,22.458446660248306,Short,67032.1379,67354.84,59784.75,2026-02-06T13:00:00+00:00,
2026-02-09 08:25:00+00:00,EURUSD,0,0.004370000000000207,0.0005914285714285919,7.388888888888983,2,1,-1,0.3043478260866872,0.06944444444444445,5.0,0.4166666666666667,0.862318840579698,0.23316425120757445,10.350455675227,Short,1.1853679,1.18573,1.18162,2026-02-09T08:00:00+00:00,2026-02-09T08:30:00+00:00
2026-02-09 08:45:00+00:00,GBPUSD,0,0.004089999999999927,0.0008828571428571534,4.632686084142256,2,1,1,0.16990291262146423,0.125,3.0,0.25,1.0533980582522735,0.10160194174778953,4.270331667425097,Long,1.3600803,1.35942,1.3629,2026-02-09T08:30:00+00:00,2026-02-09T08:50:00+00:00
2026-02-09 13:40:00+00:00,USDJPY,0,1.0859999999999843,0.09728571428570985,11.162995594714003,1,1,1,0.41116005873708816,0.9444444444444444,7.0,0.5833333333333334,0.9970631424377236,0.1349632892806618,16.36605198199403,Long,156.16787,156.099,157.295,2026-02-09T13:05:00+00:00,2026-02-09T13:45:00+00:00
2026-02-10 08:40:00+00:00,GBPUSD,0,0.002929999999999877,0.0005449999999999859,5.376146788990739,2,1,1,0.6238532110092032,0.1111111111111111,7.0,0.5833333333333334,1.4678899082571644,0.11376146788992311,3.2957746478863825,Long,1.367758,1.36719,1.36963,2026-02-10T08:05:00+00:00,2026-02-10T08:45:00+00:00
2026-02-10 09:50:00+00:00,EURUSD,0,0.0020199999999999108,0.00035999999999996354,5.611111111111431,1,1,-1,0.5555555555555506,0.3055555555555556,8.0,0.6666666666666666,1.2777777777776431,0.32388888888867506,5.276791181874371,Short,1.1914034,1.19173,1.18968,2026-02-10T09:10:00+00:00,2026-02-10T09:55:00+00:00
2026-02-10 10:55:00+00:00,USDJPY,0,1.207000000000022,0.0674285714285706,17.900423728814104,1,2,1,0.44491525423731043,0.4861111111111111,3.0,0.25,0.7266949152543439,0.01171610169526218,33.14774360446961,Long,155.14079,155.106,156.294,2026-02-10T10:40:00+00:00,2026-02-10T11:00:00+00:00
2026-02-11 11:00:00+00:00,EURUSD,1,0.003970000000000029,0.0003207142857142932,12.378619153674634,1,1,-1,0.46770601336262035,0.5,1.0,0.08333333333333333,1.71492204899789,0.40378619153709944,8.039692701665535,Short,1.1917595,1.19215,1.18862,2026-02-11T10:55:00+00:00,2026-02-11T11:05:00+00:00
2026-02-11 11:15:00+00:00,BTCUSD,0,2747.3800000000047,171.14071428571228,16.053339566021492,1,1,1,0.7239656590023827,0.5416666666666666,5.0,0.4166666666666667,1.2926205252986678,0.3367042158290907,15.9164976296633,Long,66750.3862,66593.32,69250.33,2026-02-11T10:50:00+00:00,
2026-02-11 13:35:00+00:00,USDJPY,0,1.7210000000000036,0.24278571428571435,7.08855545748751,1,1,-1,0.5560458958516835,0.9305555555555556,1.0,0.08333333333333333,6.194763165637029,1.7182230067666773,0.594808210967911,Short,153.43416,154.502,152.799,2026-02-11T13:30:00+00:00,2026-02-11T13:40:00+00:00
2026-02-11 14:00:00+00:00,GBPJPY,0,1.671999999999997,0.3766428571428508,4.439218661103803,1,1,1,0.4221505784183431,1.0,5.0,0.4166666666666667,0.5469372273847701,0.03117011189077327,4.517571448106639,Long,209.99326,209.847,210.654,2026-02-11T13:35:00+00:00,
2026-02-12 08:35:00+00:00,GBPUSD,0,0.003769999999999829,0.0005607142857143112,6.723566878980281,1,2,-1,0.856050955414038,0.09722222222222222,4.0,0.3333333333333333,1.2127388535031545,0.3160254777069715,5.462303231150081,Short,1.3631072,1.36359,1.36047,2026-02-12T08:15:00+00:00,2026-02-12T08:40:00+00:00
2026-02-12 10:00:00+00:00,EURUSD,0,0.003210000000000157,0.00036642857142854535,8.760233918129707,1,2,-1,0.3274853801167039,0.3333333333333333,12.0,1.0,1.5555555555555556,0.3146588693958441,7.5989621942175525,Short,1.1883253,1.18873,1.18525,2026-02-12T09:00:00+00:00,2026-02-12T10:05:00+00:00
2026-02-12 12:00:00+00:00,BTCUSD,0,1391.5499999999884,169.78714285714315,8.195850266299738,1,1,-1,0.4648761895146461,0.6666666666666666,12.0,1.0,1.3127024593819403,0.36425137356856235,8.56031414618358,Short,67963.6952,68121.94,66609.07,2026-02-12T11:00:00+00:00,2026-02-12T12:10:00+00:00
2026-02-12 13:15:00+00:00,USDJPY,0,1.282999999999987,0.09307142857143447,13.7851112816567,1,1,-1,0.4512663085187913,0.875,7.0,0.5833333333333334,0.988488104374597,0.1469838833460473,20.310471524796338,Short,153.59568,153.661,152.269,2026-02-12T12:40:00+00:00,
2026-02-13 09:00:00+00:00,USDJPY,0,0.8650000000000091,0.09414285714286409,9.188163884673166,1,1,-1,0.11684370257961164,0.16666666666666666,12.0,1.0,0.669195751138215,0.028998482549462527,18.204113570304305,Short,153.54727,153.592,152.733,2026-02-13T08:00:00+00:00,2026-02-13T09:05:00+00:00
2026-02-13 09:30:00+00:00,GBPUSD,0,0.0034000000000000696,0.0004714285714285988,7.212121212120941,2,1,-1,0.40303030303009396,0.25,9.0,0.75,0.5727272727272235,0.16609090909084773,16.47522170057209,Short,1.3621883,1.36238,1.35903,2026-02-13T08:45:00+00:00,2026-02-13T09:35:00+00:00
2026-02-13 10:05:00+00:00,BTCUSD,0,960.1900000000023,137.3199999999997,6.992353626565718,1,1,-1,0.3500582580832547,0.3472222222222222,11.0,0.9166666666666666,0.6574424701427252,0.09897465773383249,15.475971469046542,Short,66792.7112,66856.81,65800.72,2026-02-13T09:10:00+00:00,2026-02-13T10:10:00+00:00
2026-02-15 08:25:00+00:00,BTCUSD,1,1692.2900000000081,148.17000000000033,11.421272862252847,1,1,-1,0.2683404197880453,0.06944444444444445,4.0,0.3333333333333333,1.583991361274287,0.4001012350678965,8.303035940397317,Short,70593.683,70760.32,69210.09,2026-02-15T08:05:00+00:00,2026-02-15T09:05:00+00:00
2026-02-16 08:00:00+00:00,USDJPY,0,0.6220000000000141,0.06357142857143369,9.784269662920781,1,1,-1,0.28314606741571824,0.0,0.0,0.0,1.8089887640449411,0.5246067415731939,6.838334353950329,Short,153.32535000000001,153.407,152.767,2026-02-16T08:00:00+00:00,2026-02-16T08:15:00+00:00
2026-02-16 08:20:00+00:00,EURUSD,1,0.0011099999999999444,0.00038642857142851775,2.8724584103514563,2,1,-1,0.10351201478754858,0.05555555555555555,3.0,0.25,1.9408502772646685,0.32994454713513155,0.72769953051634,Short,1.1862975,1.18683,1.18591,2026-02-16T08:05:00+00:00,2026-02-16T08:25:00+00:00
2026-02-16 10:00:00+00:00,BTCUSD,0,917.070000000007,102.55642857142915,8.942101560813228,1,1,-1,0.010433280632887803,0.3333333333333333,5.0,0.4166666666666667,0.7464183480871399,0.1287047548736467,14.480630352986585,Short,68898.6695,68953.02,68111.64,2026-02-16T09:35:00+00:00,2026-02-16T10:05:00+00:00
2026-02-16 13:45:00+00:00,GBPUSD,0,0.0015899999999999803,0.0004185714285714269,3.798634812286658,1,3,1,0.6211604095561419,0.9583333333333334,7.0,0.5833333333333334,1.6245733788396302,0.4233447098975851,3.2667771333874356,Long,1.3635428,1.36306,1.36512,2026-02-16T13:10:00+00:00,2026-02-16T13:50:00+00:00
2026-02-17 09:20:00+00:00,USDJPY,0,0.7599999999999909,0.08378571428571442,9.070758738277796,1,1,1,0.3461210571184556,0.2222222222222222,7.0,0.5833333333333334,1.1338448422847245,0.006564364876433631,10.71237954039879,Long,152.86545,152.798,153.588,2026-02-17T08:45:00+00:00,2026-02-17T09:25:00+00:00
2026-02-17 12:10:00+00:00,EURUSD,0,0.002349999999999852,0.0003178571428571158,7.393258426966457,1,1,1,1.4157303370789656,0.6944444444444444,3.0,0.25,0.8179775280897275,0.045932584269939805,9.509209100764982,Long,1.1834646,1.18328,1.18522,2026-02-17T11:55:00+00:00,2026-02-17T12:15:00+00:00
2026-02-18 08:10:00+00:00,GBPJPY,0,0.8329999999999984,0.09778571428571224,8.518626734843114,1,1,-1,0.3681519357195249,0.027777777777777776,2.0,0.16666666666666666,0.7772096420744558,0.09244704163622076,12.676797627875189,Short,208.30904,208.363,207.625,2026-02-18T08:00:00+00:00,2026-02-18T08:15:00+00:00
2026-02-18 08:35:00+00:00,BTCUSD,0,1337.4000000000087,133.06928571428475,10.050403388138434,1,1,-1,0.4115900953853592,0.09722222222222222,5.0,0.4166666666666667,1.1222725003624159,0.009232784210175562,12.069524687969038,Short,68129.1786,68235.21,66849.43,2026-02-18T08:10:00+00:00,2026-02-18T08:40:00+00:00
2026-02-18 09:00:00+00:00,EURUSD,0,0.0020599999999999508,0.0003778571428571282,5.451795841209911,3,1,1,0.3969754253310784,0.16666666666666666,11.0,0.9166666666666666,1.3232514177692818,0.013232514178368605,5.591549295776842,Long,1.1833749999999998,1.18302,1.18536,2026-02-18T08:05:00+00:00,2026-02-18T09:05:00+00:00
2026-02-18 09:05:00+00:00,USDJPY,0,0.6490000000000009,0.07121428571428064,9.113340020060843,1,1,-1,0.25275827482450103,0.18055555555555555,8.0,0.6666666666666666,0.9408224674023759,0.23071213640904067,12.4538574731956,Short,153.66143,153.709,153.069,2026-02-18T08:25:00+00:00,2026-02-18T09:10:00+00:00
2026-02-18 10:30:00+00:00,GBPUSD,0,0.0028399999999999537,0.0004621428571428713,6.145285935084719,1,1,-1,0.30293663060283554,0.4166666666666667,7.0,0.5833333333333334,2.272024729520786,0.658887171560879,3.225352112675666,Short,1.3573745,1.35812,1.35497,2026-02-18T09:55:00+00:00,2026-02-18T10:45:00+00:00
2026-02-19 08:25:00+00:00,GBPUSD,0,0.003169999999999895,0.00037071428571427186,8.551059730250518,1,2,-1,0.3236994219650548,0.06944444444444445,5.0,0.4166666666666667,1.7533718689789772,0.004046242774533236,6.042253521124958,Short,1.3508585,1.35132,1.34807,2026-02-19T08:00:00+00:00,2026-02-19T08:50:00+00:00
2026-02-19 09:15:00+00:00,EURUSD,1,0.0018599999999999728,0.0003914285714285981,4.751824817517855,1,1,-1,0.12773722627706585,0.20833333333333334,12.0,1.0,1.6861313868614671,0.41233576642355757,3.7161758429360883,Short,1.1802314,1.1807,1.17849,2026-02-19T08:15:00+00:00,2026-02-19T09:20:00+00:00
2026-02-19 12:10:00+00:00,BTCUSD,0,1002.0599999999977,103.31785714285901,9.698807425074985,1,1,1,0.12766428151683726,0.6944444444444444,1.0,0.08333333333333333,0.8568702685885867,0.10814877804278639,12.337565208260953,Long,66523.4463,66460.59,67298.94,2026-02-19T12:05:00+00:00,2026-02-19T12:15:00+00:00
2026-02-19 12:10:00+00:00,USDJPY,0,0.7239999999999895,0.05950000000000598,12.168067226889358,1,1,1,0.7731092436972714,0.6944444444444444,4.0,0.3333333333333333,1.0084033613444747,0.040336134453683455,16.558685446012014,Long,154.6386,154.596,155.344,2026-02-19T11:50:00+00:00,2026-02-19T12:15:00+00:00
2026-02-20 08:20:00+00:00,EURUSD,1,0.0022800000000000598,0.0004057142857143108,5.619718309858954,1,1,1,1.2077464788734147,0.05555555555555555,3.0,0.25,0.7887323943663899,0.13014084507032572,8.066901408447714,Long,1.1754072,1.17518,1.17724,2026-02-20T08:05:00+00:00,2026-02-20T08:25:00+00:00
2026-02-20 09:10:00+00:00,USDJPY,0,0.6090000000000089,0.09585714285714582,6.3532041728762,1,1,-1,0.6363636363636902,0.19444444444444445,6.0,0.5,1.1475409836066643,0.3327868852459682,7.950064020485994,Short,155.5189,155.597,154.898,2026-02-20T08:40:00+00:00,2026-02-20T09:15:00+00:00
2026-02-20 09:55:00+00:00,GBPUSD,0,0.003270000000000106,0.0005892857142857208,5.549090909091028,1,1,-1,2.0024242424241505,0.3194444444444444,5.0,0.4166666666666667,0.8824242424243616,0.25590303030322686,9.07583965330603,Short,1.3468208000000002,1.34719,1.34347,2026-02-20T09:30:00+00:00,2026-02-20T10:00:00+00:00
2026-02-20 13:50:00+00:00,BTCUSD,0,1086.2799999999988,219.76214285714377,4.942980560151047,1,1,1,0.4903028274075522,0.9722222222222222,4.0,0.3333333333333333,1.0225146018259588,0.28974917686980545,7.134741428858843,Long,66860.9541,66701.41,67999.26,2026-02-20T13:30:00+00:00,2026-02-20T13:55:00+00:00
2026-02-22 11:35:00+00:00,BTCUSD,0,438.81999999999243,50.5457142857132,8.681646034706949,1,1,-1,0.2182183030919493,0.5972222222222222,6.0,0.5,1.679271946187167,0.002476965688956292,6.356699101300683,Short,68159.1652,68219.43,67776.08,2026-02-22T11:05:00+00:00,2026-02-22T11:40:00+00:00
2026-02-23 09:00:00+00:00,USDJPY,0,0.617999999999995,0.07549999999999711,8.185430463576406,1,1,-1,0.47682119205301643,0.16666666666666666,12.0,1.0,0.9006622516558233,0.2479470198675836,14.410107705052114,Short,154.68972,154.738,153.994,2026-02-23T08:00:00+00:00,2026-02-23T09:05:00+00:00
2026-02-23 09:05:00+00:00,GBPJPY,0,0.9250000000000114,0.08357142857142767,11.068376068376324,1,1,-1,0.02393162393173846,0.18055555555555555,3.0,0.25,0.6820512820511452,0.006341880341852876,20.20088954781376,Short,209.03553,209.076,208.218,2026-02-23T08:50:00+00:00,2026-02-23T09:10:00+00:00
2026-02-23 09:40:00+00:00,GBPUSD,0,0.0025100000000000122,0.0004814285714285692,5.2136498516320975,2,1,1,0.041543026706503804,0.2777777777777778,11.0,0.9166666666666666,1.017804154302425,0.2328486646883211,6.128485196896658,Long,1.3513879,1.35104,1.35352,2026-02-23T08:45:00+00:00,2026-02-23T09:45:00+00:00
2026-02-24 08:20:00+00:00,GBPUSD,1,0.0028400000000001757,0.0005850000000000259,4.85470085470094,1,2,1,0.5811965811965674,0.05555555555555555,3.0,0.25,1.999999999999729,0.5629059829062979,2.190080654870009,Long,1.3483507,1.34752,1.35017,2026-02-24T08:05:00+00:00,2026-02-24T08:25:00+00:00
2026-02-24 08:35:00+00:00,USDJPY,0,1.5449999999999875,0.11442857142856562,13.501872659176605,1,1,-1,0.09612983770308692,0.09722222222222222,6.0,0.5,1.0574282147317207,0.0007865168539338959,16.332091723894614,Short,156.02809,156.114,154.625,2026-02-24T08:05:00+00:00,2026-02-24T08:40:00+00:00
2026-02-24 08:45:00+00:00,GBPJPY,0,1.7659999999999911,0.15121428571428908,11.678790741615176,1,1,-1,1.7326405290505078,0.125,5.0,0.4166666666666667,0.7803495512517209,0.19984884270202566,19.768679875867562,Short,210.35522,210.439,208.699,2026-02-24T08:20:00+00:00,2026-02-24T08:55:00+00:00
2026-02-25 08:05:00+00:00,GBPUSD,1,0.00391000000000008,0.0005521428571428899,7.081500646830255,1,1,-1,0.6338939197931078,0.013888888888888888,1.0,0.08333333333333333,1.7930142302716465,0.13963777490286047,4.206999573196294,Short,1.3520870999999999,1.35279,1.34913,2026-02-25T08:00:00+00:00,2026-02-25T08:15:00+00:00
2026-02-25 11:55:00+00:00,EURUSD,0,0.003489999999999993,0.00028928571428572206,12.064197530863849,1,2,1,0.5876543209876506,0.6527777777777778,6.0,0.5,1.3135802469129398,0.20671604938289803,11.972572275765193,Long,1.1775798,1.17731,1.18081,2026-02-25T11:25:00+00:00,2026-02-25T12:00:00+00:00
2026-02-25 13:55:00+00:00,BTCUSD,0,2414.520000000004,195.56357142856828,12.346471187666634,1,1,-1,0.061514523958225646,0.9861111111111112,10.0,0.8333333333333334,0.6625467056747799,0.06077461110567949,25.46978575939828,Short,66244.0353,66336.03,63900.95,2026-02-25T13:05:00+00:00,2026-02-25T14:00:00+00:00
2026-02-27 08:05:00+00:00,USDJPY,0,0.5869999999999891,0.07764285714285839,7.560257589696151,1,1,-1,0.012879484820668467,0.013888888888888888,1.0,0.08333333333333333,1.2750689972399551,0.06813247470103968,6.440603215251051,Short,155.98971,156.06,155.537,2026-02-27T08:00:00+00:00,2026-02-27T08:10:00+00:00
2026-02-27 08:10:00+00:00,EURUSD,0,0.0030399999999999316,0.0004350000000000108,6.988505747126107,2,1,-1,0.09195402298859542,0.027777777777777776,2.0,0.16666666666666666,1.5402298850573144,0.446666666666611,5.684885431995324,Short,1.1816043,1.18208,1.1789,2026-02-27T08:00:00+00:00,2026-02-27T08:15:00+00:00
2026-02-27 08:20:00+00:00,GBPJPY,0,0.6470000000000198,0.12128571428571279,5.334511189635093,1,1,-1,0.3545347467607177,0.05555555555555555,4.0,0.3333333333333333,0.791519434629015,0.22954063604238623,9.123239436618794,Short,210.54883999999998,210.617,209.927,2026-02-27T08:00:00+00:00,2026-02-27T08:25:00+00:00
2026-02-27 08:25:00+00:00,GBPUSD,0,0.0039799999999998725,0.0007664285714285489,5.192917054986007,1,2,-1,0.8741845293569016,0.06944444444444445,4.0,0.3333333333333333,0.7437092264681058,0.13739049394218933,7.8707684704711305,Short,1.3493553,1.34976,1.34617,2026-02-27T08:05:00+00:00,2026-02-27T08:30:00+00:00
2026-03-02 08:40:00+00:00,EURUSD,0,0.009259999999999824,0.0007742857142857273,11.959409594095511,1,1,1,0.19372693726949147,0.1111111111111111,3.0,0.25,1.833948339483334,0.24771217712186422,8.571513588573493,Long,1.1709482,1.16994,1.17959,2026-03-02T08:25:00+00:00,2026-03-02T12:45:00+00:00
2026-03-02 08:40:00+00:00,GBPUSD,0,0.011159999999999837,0.001165714285714278,9.57352941176463,1,1,1,0.3602941176471358,0.1111111111111111,5.0,0.4166666666666667,1.9473039215686354,0.44462009803938474,7.643047713594374,Long,1.3332817,1.33167,1.3456,2026-03-02T08:15:00+00:00,
2026-03-02 08:40:00+00:00,USDJPY,0,0.8850000000000193,0.09285714285714367,9.530769230769357,1,1,-1,0.0753846153846686,0.1111111111111111,8.0,0.6666666666666666,1.5615384615385581,0.2697692307691545,9.461389023796066,Short,157.13205,157.235,156.158,2026-03-02T08:00:00+00:00,2026-03-02T12:15:00+00:00
2026-03-02 09:15:00+00:00,GBPJPY,1,1.0339999999999918,0.16014285714285847,6.456735057983838,1,1,1,0.52453166815345,0.20833333333333334,10.0,0.8333333333333334,1.4049955396966523,0.014049955396989593,5.028169014084375,Long,209.73875,209.579,210.542,2026-03-02T08:25:00+00:00,2026-03-02T09:20:00+00:00
2026-03-03 09:05:00+00:00,GBPJPY,0,1.592000000000013,0.16192857142857317,9.831495368328161,1,1,1,1.148654609616264,0.18055555555555555,11.0,0.9166666666666666,0.9942655491839413,0.15865019850037787,14.484209605460416,Long,209.70331,209.589,211.359,2026-03-03T08:10:00+00:00,2026-03-03T09:10:00+00:00
2026-03-03 09:50:00+00:00,USDJPY,0,0.45300000000000296,0.07685714285714036,5.894052044609896,1,1,-1,0.18215613382876256,0.3055555555555556,6.0,0.5,0.8587360594796143,0.102267657992857,11.163892445579988,Short,157.67314,157.72,157.15,2026-03-03T09:20:00+00:00,2026-03-03T09:55:00+00:00
2026-03-04 08:15:00+00:00,BTCUSD,0,2302.6900000000023,257.19142857143015,8.953214392836863,1,1,-1,0.12290456247153467,0.041666666666666664,2.0,0.16666666666666666,0.6619971783107391,0.1400334381283677,15.780880277555333,Short,69292.47540000001,69413.36,67384.81,2026-03-04T08:05:00+00:00,2026-03-04T08:20:00+00:00
2026-03-04 10:25:00+00:00,USDJPY,0,0.6899999999999977,0.11271428571428592,6.12167300380225,1,1,1,0.46134347275024945,0.4027777777777778,9.0,0.75,0.8694550063369989,0.11906210392899223,10.583788444954877,Long,157.13058,157.061,157.867,2026-03-04T09:40:00+00:00,2026-03-04T10:30:00+00:00
2026-03-04 10:30:00+00:00,EURUSD,0,0.005330000000000057,0.0009757142857142702,5.462664714495021,1,1,-1,1.9370424597364335,0.4166666666666667,5.0,0.4166666666666667,1.3426061493410837,0.28686676427526037,5.859477475540809,Short,1.1629399,1.16387,1.15749,2026-03-04T10:05:00+00:00,2026-03-04T10:35:00+00:00
2026-03-04 10:30:00+00:00,GBPUSD,0,0.007319999999999993,0.001147857142857129,6.3771001866833315,1,1,-1,1.9950217797138854,0.4166666666666667,5.0,0.4166666666666667,1.1238332296204359,0.22136901057855768,7.9638606834799965,Short,1.3376441,1.33856,1.33035,2026-03-04T10:05:00+00:00,2026-03-04T10:35:00+00:00
2026-03-05 08:30:00+00:00,USDJPY,0,0.8389999999999986,0.07378571428571742,11.370764762826216,1,1,-1,0.5421103581799271,0.08333333333333333,6.0,0.5,2.046466602129774,0.5178509196517593,7.030967260515966,Short,157.20879,157.316,156.455,2026-03-05T08:00:00+00:00,2026-03-05T08:40:00+00:00
2026-03-05 08:30:00+00:00,BTCUSD,1,1562.3100000000122,205.04071428571373,7.6195111075501485,1,1,1,0.1106121780691302,0.08333333333333333,1.0,0.08333333333333333,1.851193317006695,0.017193170694292215,4.710353487471288,Long,72080.1547,71810.66,73349.57,2026-03-05T08:25:00+00:00,2026-03-05T08:35:00+00:00
2026-03-05 08:40:00+00:00,EURUSD,0,0.005959999999999965,0.0006800000000000457,8.7647058823523,1,1,1,0.3235294117645179,0.1111111111111111,4.0,0.3333333333333333,0.8088235294117846,0.1463235294116359,13.980793854034584,Long,1.1592905,1.1589,1.16475,2026-03-05T08:20:00+00:00,2026-03-05T13:45:00+00:00
2026-03-05 09:35:00+00:00,GBPJPY,0,0.688999999999993,0.13471428571428948,5.114528101802562,1,1,-1,0.1707317073170397,0.2638888888888889,6.0,0.5,1.3361611876988468,0.38748674443264447,3.960876369326889,Short,209.6902,209.818,209.184,2026-03-05T09:05:00+00:00,2026-03-05T09:40:00+00:00
2026-03-06 08:55:00+00:00,GBPUSD,0,0.0021100000000000563,0.0006357142857142157,3.3191011235959595,1,1,-1,0.2988764044942772,0.1527777777777778,4.0,0.3333333333333333,1.4000000000002444,0.3745393258427675,2.291660072795783,Short,1.3366881,1.33732,1.33524,2026-03-06T08:35:00+00:00,2026-03-06T13:30:00+00:00
2026-03-06 12:30:00+00:00,USDJPY,0,0.5219999999999914,0.05657142857142868,9.227272727272556,1,1,-1,0.17676767676751565,0.75,12.0,1.0,1.5909090909091481,0.01944444444458749,8.280125195619492,Short,157.9111,157.975,157.382,2026-03-06T11:30:00+00:00,2026-03-06T12:35:00+00:00
2026-03-06 12:50:00+00:00,BTCUSD,0,1295.6199999999953,172.08071428571566,7.529141225255503,1,1,1,0.27835774740263786,0.8055555555555556,10.0,0.8333333333333334,1.0983799130806164,0.12687592616426546,11.439240490294635,Long,69892.7171,69758.52,71427.83,2026-03-06T12:00:00+00:00,2026-03-06T13:20:00+00:00
2026-03-09 08:10:00+00:00,GBPUSD,0,0.006440000000000001,0.0009042857142857067,7.121642969984264,1,1,-1,0.4202211690363904,0.027777777777777776,2.0,0.16666666666666666,1.072669826224244,0.14519747235393402,7.494264556410665,Short,1.3334613,1.33415,1.3283,2026-03-09T08:00:00+00:00,2026-03-09T09:15:00+00:00
2026-03-09 09:50:00+00:00,BTCUSD,0,2250.220000000001,196.99928571428296,11.42247796402469,1,1,-1,1.144877247560707,0.3055555555555556,4.0,0.3333333333333333,0.9556379827337893,0.06170276179393266,17.358039450985462,Short,68126.7354,68260.4,65806.58,2026-03-09T09:30:00+00:00,2026-03-09T12:25:00+00:00
2026-03-09 10:10:00+00:00,USDJPY,0,0.5949999999999989,0.09542857142856828,6.235029940119954,1,1,1,0.5134730538923016,0.3611111111111111,8.0,0.6666666666666666,0.7230538922154712,0.042020958083769294,8.83874260053002,Long,158.47199,158.423,158.905,2026-03-09T09:30:00+00:00,2026-03-09T10:15:00+00:00
2026-03-09 10:10:00+00:00,EURUSD,0,0.006429999999999936,0.000941428571428601,6.830045523520203,1,1,-1,0.191198786039521,0.3611111111111111,7.0,0.5833333333333334,0.807283763277532,0.02081942336886682,7.784284655300593,Short,1.1549204,1.15546,1.15072,2026-03-09T09:35:00+00:00,2026-03-09T10:15:00+00:00
2026-03-09 10:15:00+00:00,GBPJPY,0,0.8380000000000223,0.11471428571428532,7.305105853051278,1,1,-1,0.09589041095886677,0.375,9.0,0.75,0.9153175591533372,0.02135740971366376,8.161636485578425,Short,211.26745,211.342,210.659,2026-03-09T09:30:00+00:00,2026-03-09T10:20:00+00:00
2026-03-10 08:15:00+00:00,GBPUSD,0,0.006669999999999954,0.0008421428571429024,7.920271416454142,1,2,-1,0.35623409669231726,0.041666666666666664,3.0,0.25,0.9143341815096305,0.08703986429170016,10.029815255169348,Short,1.3468533,1.3474,1.34137,2026-03-10T08:00:00+00:00,2026-03-10T08:20:00+00:00
2026-03-10 08:45:00+00:00,BTCUSD,0,2203.970000000001,188.06642857142808,11.719103812102903,1,1,-1,1.8502504814028589,0.125,8.0,0.6666666666666666,0.8151375084032034,0.11758079402041464,22.258822340433568,Short,70807.347,70916.19,68384.63,2026-03-10T08:05:00+00:00,2026-03-10T08:50:00+00:00
2026-03-11 08:55:00+00:00,GBPUSD,0,0.0043400000000000105,0.0007192857142857001,6.0337636544192,1,1,1,0.05561072492526936,0.1527777777777778,3.0,0.25,2.1688182720953835,0.5733465739819535,3.1892379920545046,Long,1.3422376,1.34113,1.34577,2026-03-11T08:40:00+00:00,2026-03-11T09:00:00+00:00
2026-03-11 09:45:00+00:00,BTCUSD,0,904.7300000000105,129.47857142857225,6.987488277155661,1,1,1,0.15917691840900663,0.2916666666666667,2.0,0.16666666666666666,1.7054559496883535,0.29968047663698927,3.7514960244211695,Long,69702.1822,69545.4,70290.35,2026-03-11T09:35:00+00:00,2026-03-11T10:40:00+00:00
2026-03-11 12:15:00+00:00,GBPJPY,0,0.7680000000000007,0.10664285714285882,7.201607501674374,1,1,-1,0.6939048894843641,0.7083333333333334,5.0,0.4166666666666667,2.0629604822504595,0.5326188881444915,3.385403329064963,Short,212.6598,212.816,212.131,2026-03-11T11:50:00+00:00,2026-03-11T12:20:00+00:00
2026-03-12 08:20:00+00:00,GBPUSD,0,0.0036200000000001786,0.0005814285714286216,6.226044226043996,1,1,-1,0.06879606879574977,0.05555555555555555,4.0,0.3333333333333333,1.1351351351348358,0.10560196560212894,5.1459667093493495,Short,1.3385214,1.33899,1.33611,2026-03-12T08:00:00+00:00,2026-03-12T08:25:00+00:00
2026-03-12 08:20:00+00:00,EURUSD,0,0.0023699999999999832,0.00039714285714284196,5.967625899280762,2,1,-1,0.02517985611471473,0.05555555555555555,4.0,0.3333333333333333,1.1079136690647804,0.27093525179853495,6.266325224069324,Short,1.1551376,1.15545,1.15318,2026-03-12T08:00:00+00:00,2026-03-12T08:25:00+00:00
2026-03-12 08:35:00+00:00,GBPJPY,0,0.47700000000000387,0.07542857142857226,6.323863636363618,1,1,1,0.8484848484847457,0.09722222222222222,5.0,0.4166666666666667,1.1003787878787545,0.10698863636330577,6.788902087221692,Long,212.63193,212.573,213.032,2026-03-12T08:10:00+00:00,2026-03-12T08:40:00+00:00
2026-03-12 10:05:00+00:00,BTCUSD,0,1158.7400000000052,176.5635714285693,6.562735396801746,1,1,-1,0.23441981641577855,0.3472222222222222,4.0,0.3333333333333333,1.064375841967051,0.0944685240848553,5.283580266251699,Short,69904.5497,70037.98,69199.56,2026-03-12T09:45:00+00:00,2026-03-12T10:10:00+00:00
2026-03-13 08:30:00+00:00,EURUSD,0,0.007549999999999946,0.0007049999999999557,10.709219858156624,1,1,1,0.6099290780141241,0.08333333333333333,6.0,0.5,1.5460992907802893,0.448368794326328,10.965370202868739,Long,1.1444739,1.1437,1.15296,2026-03-13T08:00:00+00:00,2026-03-13T08:40:00+00:00
2026-03-13 08:35:00+00:00,GBPJPY,0,1.2270000000000039,0.11900000000000586,10.310924369747424,1,1,1,0.9159663865546512,0.09722222222222222,7.0,0.5833333333333334,0.974789915966455,0.03663865546234846,15.949975716362692,Long,211.56336000000002,211.481,212.877,2026-03-13T08:00:00+00:00,2026-03-13T08:40:00+00:00
2026-03-13 08:35:00+00:00,GBPUSD,0,0.009539999999999882,0.0008114285714285423,11.757042253521403,1,1,1,0.8257042253520788,0.09722222222222222,7.0,0.5833333333333334,0.8873239436620701,0.17401408450712674,19.207355242564635,Long,1.3271412,1.32663,1.33696,2026-03-13T08:00:00+00:00,2026-03-13T08:40:00+00:00
2026-03-15 09:40:00+00:00,BTCUSD,0,930.8099999999977,99.4978571428541,9.355075845136913,1,1,-1,0.9875589567614297,0.2777777777777778,8.0,0.6666666666666666,1.1094711300315434,0.03052226537548638,11.417306629886605,Short,71760.7331,71839.11,70865.88,2026-03-15T09:00:00+00:00,2026-03-15T09:45:00+00:00
2026-03-16 13:50:00+00:00,BTCUSD,0,2190.0899999999965,231.7249999999975,9.451246089114338,1,1,-1,0.2524975725536537,0.9722222222222222,2.0,0.16666666666666666,1.6890710972057328,0.46134858129249684,6.21152669722985,Short,74007.496,74285.39,72281.35,2026-03-16T13:40:00+00:00,2026-03-16T13:55:00+00:00
2026-03-17 09:15:00+00:00,GBPUSD,0,0.004210000000000047,0.0007164285714285702,5.876370887338061,1,1,-1,0.16749750747742517,0.20833333333333334,9.0,0.75,0.7676969092722552,0.18215353938190132,13.289372599232998,Short,1.3325395,1.33293,1.32735,2026-03-17T08:30:00+00:00,2026-03-17T09:20:00+00:00
2026-03-17 09:15:00+00:00,EURUSD,0,0.003670000000000062,0.0006250000000000184,5.871999999999926,1,1,-1,1.42400000000005,0.20833333333333334,7.0,0.5833333333333334,0.9119999999999082,0.055520000000084974,10.737089201876982,Short,1.1509553,1.15136,1.14661,2026-03-17T08:40:00+00:00,2026-03-17T09:20:00+00:00
2026-03-17 09:50:00+00:00,GBPJPY,0,0.5040000000000191,0.07621428571428826,6.612933458294313,1,1,-1,0.144329896907155,0.3055555555555556,10.0,0.8333333333333334,0.9184629803189032,0.20074976569816427,10.006036217304024,Short,212.1373,212.187,211.64,2026-03-17T09:00:00+00:00,2026-03-17T09:55:00+00:00
2026-03-17 11:00:00+00:00,BTCUSD,0,2241.4300000000076,138.62500000000105,16.16901713255178,1,1,1,1.5634265103696612,0.5,11.0,0.9166666666666666,0.8536699729485707,0.2411440937781715,26.766735617355348,Long,73768.2114,73684.19,76017.19,2026-03-17T10:05:00+00:00,2026-03-17T12:35:00+00:00
2026-03-18 08:35:00+00:00,EURUSD,1,0.0025599999999998957,0.0004692857142856959,5.455098934550981,2,1,1,0.08523592085244779,0.09722222222222222,4.0,0.3333333333333333,0.7671232876710838,0.033242009132904135,9.25039123630522,Long,1.1525556000000001,1.1523,1.15492,2026-03-18T08:15:00+00:00,2026-03-18T08:40:00+00:00
2026-03-18 08:50:00+00:00,GBPUSD,0,0.002690000000000081,0.0005699999999999912,4.71929824561425,2,1,1,0.5614035087717208,0.1388888888888889,6.0,0.5,0.9122807017541438,0.0014035087719702051,6.502708559047266,Long,1.3350792,1.33471,1.33748,2026-03-18T08:20:00+00:00,2026-03-18T08:55:00+00:00
2026-03-18 12:20:00+00:00,GBPJPY,0,0.5430000000000064,0.08814285714285777,6.160453808752054,1,1,-1,0.011345218800702389,0.7222222222222222,6.0,0.5,1.157212317666162,0.26752025931939505,5.075669704501997,Short,212.31958,212.392,211.952,2026-03-18T11:50:00+00:00,2026-03-18T12:30:00+00:00
2026-03-19 08:20:00+00:00,GBPJPY,0,1.179000000000002,0.17035714285714018,6.920754716981253,1,1,1,1.0566037735847955,0.05555555555555555,4.0,0.3333333333333333,0.8805031446541353,0.038155136268276345,11.403755868543284,Long,211.1295,211.023,212.344,2026-03-19T08:00:00+00:00,2026-03-19T08:25:00+00:00
2026-03-19 08:35:00+00:00,USDJPY,0,0.6510000000000105,0.11535714285714148,5.643343653250932,1,1,1,0.3814241486066659,0.09722222222222222,7.0,0.5833333333333334,1.2222910216717644,0.3284582043341612,5.213165517930084,Long,159.32911000000001,159.229,159.851,2026-03-19T08:00:00+00:00,2026-03-19T08:45:00+00:00
2026-03-19 09:00:00+00:00,GBPUSD,1,0.004650000000000043,0.0007699999999999692,6.038961038961337,1,2,1,0.7532467532465275,0.16666666666666666,4.0,0.3333333333333333,1.714285714285767,0.15948051948049793,3.7268459240285363,Long,1.3263172,1.32538,1.32981,2026-03-19T08:40:00+00:00,2026-03-19T09:05:00+00:00
2026-03-19 09:00:00+00:00,EURUSD,1,0.004050000000000109,0.0006978571428571627,5.80348004094165,1,1,1,0.15762538382780047,0.16666666666666666,12.0,1.0,1.51893551688816,0.3688433981575622,4.354770130215281,Long,1.1458626,1.14511,1.14914,2026-03-19T08:00:00+00:00,2026-03-19T09:25:00+00:00
2026-03-19 13:40:00+00:00,BTCUSD,0,2139.850000000006,241.53642857142717,8.859326159023707,1,1,1,1.5852681198635963,0.9444444444444444,10.0,0.8333333333333334,2.3817525306741754,0.17881857513359983,4.809981569293414,Long,69657.8588,69249.41,71622.49,2026-03-19T12:50:00+00:00,2026-03-19T13:45:00+00:00
2026-03-20 08:30:00+00:00,EURUSD,0,0.0027600000000000957,0.00047642857142858396,5.793103448275911,1,3,-1,0.10494752623663421,0.08333333333333333,1.0,0.08333333333333333,1.1544227886057727,0.06191904048002432,5.274007682459186,Short,1.1573195,1.15771,1.15526,2026-03-20T08:25:00+00:00,2026-03-20T08:35:00+00:00
2026-03-20 08:40:00+00:00,GBPUSD,0,0.0033399999999998986,0.000543571428571421,6.144546649145759,1,1,-1,0.4967148488830416,0.1111111111111111,8.0,0.6666666666666666,1.4717477003940764,0.42680683311434753,5.250000000000977,Short,1.342772,1.34334,1.33979,2026-03-20T08:00:00+00:00,
2026-03-20 08:55:00+00:00,BTCUSD,1,1135.6899999999878,127.05000000000187,8.938921684376002,1,1,-1,1.4599763872491343,0.1527777777777778,10.0,0.8333333333333334,0.8969696969697342,0.01730342384882976,14.784510502818977,Short,71030.72839999999,71111.64,69834.49,2026-03-20T08:05:00+00:00,2026-03-20T09:00:00+00:00
2026-03-20 09:00:00+00:00,GBPJPY,0,0.882000000000005,0.08214285714285145,10.73739130434863,1,1,-1,0.35304347826084975,0.16666666666666666,9.0,0.75,1.1443478260869637,0.1005565217388771,11.885825591846812,Short,212.60325999999998,212.67,211.81,2026-03-20T08:15:00+00:00,2026-03-20T09:05:00+00:00
2026-03-22 12:15:00+00:00,BTCUSD,0,1354.8800000000047,140.3428571428563,9.654071661237875,1,1,1,1.1167650651465575,0.7083333333333334,5.0,0.4166666666666667,1.6165411237784781,0.24163894543971465,6.978758077623669,Long,68457.5177,68296.44,69581.64,2026-03-22T11:50:00+00:00,2026-03-22T12:20:00+00:00
2026-03-23 11:55:00+00:00,USDJPY,0,0.6440000000000055,0.27635714285714286,2.3303179116050856,1,1,1,1.8490566037735692,0.6527777777777778,10.0,0.8333333333333334,0.7345567330059554,0.032096148875684655,5.133351835149159,Long,158.92013,158.776,159.66,2026-03-23T11:05:00+00:00,2026-03-23T12:00:00+00:00
2026-03-23 11:55:00+00:00,EURUSD,0,0.0043999999999999595,0.0030521428571428527,1.4416101099929681,1,2,-1,1.831500117013805,0.6527777777777778,10.0,0.8333333333333334,0.7404633746781898,0.044362274748422914,2.3341642777019085,Short,1.1557854,1.15739,1.15204,2026-03-23T11:05:00+00:00,2026-03-23T12:00:00+00:00
2026-03-23 12:00:00+00:00,BTCUSD,0,1468.6399999999994,604.6707142857122,2.428826078893006,1,1,-1,3.851153933841231,0.6666666666666666,11.0,0.9166666666666666,1.0183724553741782,0.12579375551510955,5.4934248055483,Short,69824.7462,70261.95,67423.0,2026-03-23T11:05:00+00:00,2026-03-23T12:05:00+00:00
2026-03-24 09:20:00+00:00,GBPJPY,0,0.6950000000000216,0.1074285714285667,6.4694148936175075,1,1,1,0.3444148936170936,0.2222222222222222,6.0,0.5,0.8377659574468772,0.18710106382992162,6.871674491394303,Long,212.5459,212.482,212.985,2026-03-24T08:50:00+00:00,2026-03-24T09:25:00+00:00
2026-03-24 09:40:00+00:00,GBPUSD,0,0.00598999999999994,0.0008842857142856867,6.773828756058302,1,1,1,0.04523424878841499,0.2777777777777778,10.0,0.8333333333333334,0.9499192245557103,0.03799676898231881,8.490274983231892,Long,1.3394964,1.3389,1.34456,2026-03-24T08:50:00+00:00,2026-03-24T09:45:00+00:00
2026-03-24 10:55:00+00:00,USDJPY,0,0.39099999999999113,0.058071428571427726,6.733087330873254,1,1,-1,0.06888068880672854,0.4861111111111111,2.0,0.16666666666666666,1.3776137761375074,0.29618696186966686,5.355633802818817,Short,158.71020000000001,158.767,158.406,2026-03-24T10:45:00+00:00,2026-03-24T11:00:00+00:00
2026-03-24 13:55:00+00:00,EURUSD,0,0.004189999999999916,0.0008864285714285737,4.726833199032931,1,2,1,0.87993553585818,0.9861111111111112,10.0,0.8333333333333334,0.6317485898467764,0.07039484286867444,10.242454728373353,Long,1.1576975999999999,1.1573,1.16177,2026-03-24T13:05:00+00:00,
2026-03-25 08:05:00+00:00,USDJPY,0,0.5769999999999982,0.06099999999999893,9.45901639344276,1,1,-1,0.9016393442624228,0.013888888888888888,1.0,0.08333333333333333,2.278688524590368,0.6280327868851852,4.806059377849625,Short,159.04631,159.145,158.572,2026-03-25T08:00:00+00:00,2026-03-25T12:45:00+00:00
2026-03-25 08:30:00+00:00,GBPJPY,0,0.5519999999999925,0.08957142857143197,6.162679425837004,1,1,-1,0.11164274322190212,0.08333333333333333,6.0,0.5,1.1834130781498144,0.24271132376419755,5.431039064577459,Short,213.05074000000002,213.126,212.642,2026-03-25T08:00:00+00:00,2026-03-25T08:35:00+00:00
2026-03-25 08:50:00+00:00,BTCUSD,0,950.679999999993,160.42642857143073,5.925956268338278,1,1,-1,1.0689011874602574,0.1388888888888889,4.0,0.3333333333333333,0.6100615769578028,0.11408531725710357,12.768623799608125,Short,71257.7623,71327.25,70370.5,2026-03-25T08:30:00+00:00,2026-03-25T08:55:00+00:00
2026-03-25 13:00:00+00:00,EURUSD,0,0.004390000000000116,0.0006657142857142853,6.594420600858547,1,1,1,0.09012875536473028,0.8333333333333334,3.0,0.25,1.5922746781113468,0.2815021459226699,4.713526441668901,Long,1.1595526,1.1588,1.1631,2026-03-25T12:45:00+00:00,2026-03-25T13:05:00+00:00
2026-03-26 08:15:00+00:00,EURUSD,0,0.0021700000000000053,0.00048357142857139275,4.487444608567552,1,1,1,0.6410635155097159,0.041666666666666664,3.0,0.25,1.4475627769571118,0.06824224519931027,3.0241448692155406,Long,1.155727,1.15523,1.15723,2026-03-26T08:00:00+00:00,2026-03-26T08:20:00+00:00
2026-03-26 08:35:00+00:00,GBPJPY,0,0.38800000000000523,0.09199999999999875,4.21739130434794,1,1,1,0.4130434782606849,0.09722222222222222,1.0,0.08333333333333333,0.9021739130434733,0.20728260869533796,4.31138639063242,Long,212.87093000000002,212.812,213.125,2026-03-26T08:30:00+00:00,2026-03-26T08:40:00+00:00
2026-03-26 08:45:00+00:00,USDJPY,0,0.2560000000000002,0.04007142857142095,6.388591800357727,1,1,-1,0.07486631016079952,0.125,9.0,0.75,1.1229946524063186,0.026203208555960658,5.510172143975967,Short,159.46105,159.493,159.285,2026-03-26T08:00:00+00:00,2026-03-26T08:50:00+00:00
2026-03-26 08:55:00+00:00,GBPUSD,0,0.0021999999999999797,0.0007342857142857032,2.99610894941636,1,1,1,1.0758754863814324,0.1527777777777778,11.0,0.9166666666666666,0.9260700389102364,0.06428015564205837,3.2667771333893976,Long,1.3352328,1.33475,1.33681,2026-03-26T08:00:00+00:00,2026-03-26T09:00:00+00:00
2026-03-26 10:15:00+00:00,BTCUSD,0,1657.8099999999977,149.46499999999858,11.091626802261489,1,1,1,2.296323554009329,0.375,9.0,0.75,0.6988927173585311,0.05602248017928507,24.190314777812095,Long,69615.2166,69541.05,71409.33,2026-03-26T09:30:00+00:00,2026-03-26T10:20:00+00:00
2026-03-27 08:25:00+00:00,EURUSD,0,0.002950000000000008,0.0004142857142857004,7.120689655172672,1,1,1,0.3137931034481982,0.06944444444444445,4.0,0.3333333333333333,0.9896551724138781,0.2387241379305376,8.549982823768648,Long,1.1521411000000001,1.15185,1.15463,2026-03-27T08:05:00+00:00,2026-03-27T08:30:00+00:00
2026-03-27 08:25:00+00:00,GBPUSD,0,0.0036000000000000476,0.000540714285714307,6.657859973579747,1,1,1,0.2774108322322499,0.06944444444444445,5.0,0.4166666666666667,1.0541611624833709,0.15775429326258475,7.203607610574988,Long,1.3318547,1.33145,1.33477,2026-03-27T08:00:00+00:00,2026-03-27T08:30:00+00:00
2026-03-27 09:25:00+00:00,BTCUSD,0,880.3300000000017,180.76999999999992,4.869889915362074,1,1,1,0.4443215135255132,0.2361111111111111,12.0,1.0,0.5156829119876152,0.1074503512751238,19.017768054369032,Long,67876.80619999999,67810.62,69135.52,2026-03-27T08:25:00+00:00,2026-03-27T09:30:00+00:00
